Workbook

Sheet FESTIVOS
A1: DIAS NO LABORALES RESTO DEL PAIS | D1: DIAS NO LABORALES BOGOTÁ
A2: (Columna C) Fechas | B2: (Columna D - Opcional) Nombre | D2: (Columna C) Fechas | E2: (Columna D - Opcional) Nombre
A3: 45964 | B3: DIA DE TODOS LOS SANTOS | D3: 45964 | E3: DIA DE TODOS LOS SANTOS
A4: 45978 | B4: INDEPENDENCIA DE CARTAGENA | D4: 45978 | E4: INDEPENDENCIA DE CARTAGENA
A5: 45999 | B5: Inmaculada Concepción | D5: 45999 | E5: Inmaculada Concepción
A6: 46016 | B6: Navidad | D6: 46016 | E6: Navidad
A7: 46023 | B7: Año Nuevo | D7: 46023 | E7: Año Nuevo
A8: 46034 | B8: Día de los Reyes Magos | D8: 46034 | E8: Día de los Reyes Magos
A9: 46104 | B9: Día de San José | D9: 46104 | E9: Día de San José
A10: 46114 | B10: Jueves Santo | D10: 46114 | E10: Jueves Santo
A11: 46115 | B11: Viernes Santo | D11: 46115 | E11: Viernes Santo
A12: 46143 | B12: Día del Trabajo | D12: 46143 | E12: Día del Trabajo
A13: 46160 | B13: Día de la Ascensión | D13: 46160 | E13: Día de la Ascensión
A14: 46181 | B14: Corpus Christi | D14: 46181 | E14: Corpus Christi
... A24: 46381 | B24: Navidad | D24: 46381 | E24: Navidad

Sheet MEDELLÍN-RIONEGRO
A1: NOMBRE NUEVO INGRESO | B1: CARGO | C1: ESTADO | D1: FECHA DE INGRESO | E1: SOLICITA | F1: FECHA DE SOLICITUD | G1: PUNTO | H1: PERSONA A QUIEN REEMPLAZARA | I1: POSICION CLAVES | J1: MOTIVO | K1: FECHA MAXIMA | L1: MES_INDICADOR_K | M1: ESTADO DEL INGRESO
A2: REY DAVID VALDERRAMA DIAZ | B2: AUXILIAR DE SERVICIO | C2: CONTRATADO | D2: 46015 | E2: ANGIE | F2: 45971 | G2: MAYORCA 2 | H2: BENITEZ GUERRERO YESMIN ADRIANA | K2: {=IF(OR($B2="",$F2=""),"",WORKDAY.INTL(IF(ISNUMBER($F2),$F2,FECHA.VALOR($F2)),IF(UPPER(TRIM($B2))="AUXILIAR DE COCINA",10,15),1,FESTIVOS!$A$3:$A$1000))} -> 45993 | L2: =IF($F3="","",DATE( YEAR(EDATE($F3,IF(DAY($F3)>=IF(UPPER(TRIM($B3))="AUXILIAR DE COCINA",17,11),1,0))), MONTH(EDATE($F3,IF(DAY($F3)>=IF(UPPER(TRIM($B3))="AUXILIAR DE COCINA",17,11),1,0))), 1 )) -> 45992 | M2: =IF($K2="","",IF(OR($D2="",$D2<$F2),"PENDIENTE",IF($D2<=$K2,"A TIEMPO","FUERA DE TIEMPO"))) -> FUERA DE TIEMPO | O2: Cuenta de FECHA MAXIMA | Q2: ESTADO DEL INGRESO
A3: MARISOL ECHEVERRY GARCIA | B3: AUXILIAR DE SERVICIO | C3: CONTRATADO | D3: 45975 | E3: ANGIE | F3: 45972 | G3: VEGAS PLAZA | H3: ENMANUEL TUBERQUIA PEREZ | K3: {=IF(OR($B3="",$F3=""),"",WORKDAY.INTL(IF(ISNUMBER($F3),$F3,FECHA.VALOR($F3)),IF(UPPER(TRIM($B3))="AUXILIAR DE COCINA",10,15),1,FESTIVOS!$A$3:$A$1000))} -> 45994 | L3: =IF($F4="","",DATE( YEAR(EDATE($F4,IF(DAY($F4)>=IF(UPPER(TRIM($B4))="AUXILIAR DE COCINA",17,11),1,0))), MONTH(EDATE($F4,IF(DAY($F4)>=IF(UPPER(TRIM($B4))="AUXILIAR DE COCINA",17,11),1,0))), 1 )) -> 45992 | M3: =IF($K3="","",IF(OR($D3="",$D3<$F3),"PENDIENTE",IF($D3<=$K3,"A TIEMPO","FUERA DE TIEMPO"))) -> A TIEMPO | O3: MES_INDICADOR_K | P3: CARGO | Q3: A TIEMPO | R3: FUERA DE TIEMPO | S3: PENDIENTE | T3: #¡REF! | U3: Total general
A4: DINA LUZ PEÑA | B4: AUXILIAR DE COCINA | C4: CONTRATADO | D4: 45972 | E4: ANGIE | F4: 45979 | G4: PUERTA DEL NORTE | H4: MARIA ALEJANDRA ALMANZA RAMIREZ | K4: {=IF(OR($B4="",$F4=""),"",WORKDAY.INTL(IF(ISNUMBER($F4),$F4,FECHA.VALOR($F4)),IF(UPPER(TRIM($B4))="AUXILIAR DE COCINA",10,15),1,FESTIVOS!$A$3:$A$1000))} -> 45993 | L4: =IF($F5="","",DATE( YEAR(EDATE($F5,IF(DAY($F5)>=IF(UPPER(TRIM($B5))="AUXILIAR DE COCINA",17,11),1,0))), MONTH(EDATE($F5,IF(DAY($F5)>=IF(UPPER(TRIM($B5))="AUXILIAR DE COCINA",17,11),1,0))), 1 )) -> 45992 | M4: =IF($K4="","",IF(OR($D4="",$D4<$F4),"PENDIENTE",IF($D4<=$K4,"A TIEMPO","FUERA DE TIEMPO"))) -> PENDIENTE | P4: AUXILIAR DE COCINA | S4: 1 | U4: 1
A5: JULIAN ANDRES VALENCIA | B5: AUXILIAR DE COCINA | C5: CONTRATADO | D5: 45983 | E5: ANGIE | F5: 45979 | G5: ENVIGADO | H5: JUAN SEBASTIAN CELIS BLANDON | K5: {=IF(OR($B5="",$F5=""),"",WORKDAY.INTL(IF(ISNUMBER($F5),$F5,FECHA.VALOR($F5)),IF(UPPER(TRIM($B5))="AUXILIAR DE COCINA",10,15),1,FESTIVOS!$A$3:$A$1000))} -> 45993 | L5: =IF($F6="","",DATE( YEAR(EDATE($F6,IF(DAY($F6)>=IF(UPPER(TRIM($B6))="AUXILIAR DE COCINA",17,11),1,0))), MONTH(EDATE($F6,IF(DAY($F6)>=IF(UPPER(TRIM($B6))="AUXILIAR DE COCINA",17,11),1,0))), 1 )) -> 45992 | M5: =IF($K5="","",IF(OR($D5="",$D5<$F5),"PENDIENTE",IF($D5<=$K5,"A TIEMPO","FUERA DE TIEMPO"))) -> A TIEMPO | O5: Total | S5: 1 | U5: 1
A6: MIGUEL ANGEL CASTAÑO | B6: AUXILIAR DE COCINA | C6: CONTRATADO | D6: 45983 | E6: ANGIE | F6: 45979 | G6: SUPERNUEMRARIA | H6: YERIKA BIBIANA ARIAS VASQUEZ | K6: {=IF(OR($B6="",$F6=""),"",WORKDAY.INTL(IF(ISNUMBER($F6),$F6,FECHA.VALOR($F6)),IF(UPPER(TRIM($B6))="AUXILIAR DE COCINA",10,15),1,FESTIVOS!$A$3:$A$1000))} -> 45993 | L6: =IF($F7="","",DATE( YEAR(EDATE($F7,IF(DAY($F7)>=IF(UPPER(TRIM($B7))="AUXILIAR DE COCINA",17,11),1,0))), MONTH(EDATE($F7,IF(DAY($F7)>=IF(UPPER(TRIM($B7))="AUXILIAR DE COCINA",17,11),1,0))), 1 )) -> 45992 | M6: =IF($K6="","",IF(OR($D6="",$D6<$F6),"PENDIENTE",IF($D6<=$K6,"A TIEMPO","FUERA DE TIEMPO"))) -> A TIEMPO | O6: #¡REF! | P6: AUXILIAR DE COCINA | Q6: 1 | U6: 1
A7: PAULA ANDREA MOSQUERA | B7: AUXILIAR DE COCINA | C7: CONTRATADO | D7: 45983 | E7: ANGIE | F7: 45979 | G7: DISTRITO VERA | H7: ALEXANDER MACHADO OSORIO | K7: {=IF(OR($B7="",$F7=""),"",WORKDAY.INTL(IF(ISNUMBER($F7),$F7,FECHA.VALOR($F7)),IF(UPPER(TRIM($B7))="AUXILIAR DE COCINA",10,15),1,FESTIVOS!$A$3:$A$1000))} -> 45993 | L7: =IF($F8="","",DATE( YEAR(EDATE($F8,IF(DAY($F8)>=IF(UPPER(TRIM($B8))="AUXILIAR DE COCINA",17,11),1,0))), MONTH(EDATE($F8,IF(DAY($F8)>=IF(UPPER(TRIM($B8))="AUXILIAR DE COCINA",17,11),1,0))), 1 )) -> 45992 | M7: =IF($K7="","",IF(OR($D7="",$D7<$F7),"PENDIENTE",IF($D7<=$K7,"A TIEMPO","FUERA DE TIEMPO"))) -> A TIEMPO | P7: AUXILIAR DE SERVICIO | R7: 1 | U7: 1
A8: PAULA ANDREA RAMIREZ | B8: AUXILIAR DE COCINA | C8: CONTRATADO | D8: 45983 | E8: ANGIE | F8: 45979 | G8: SUPERNUMERARIO | H8: JENNY JOHANA RENGIFO JARAMILLO | K8: {=IF(OR($B8="",$F8=""),"",WORKDAY.INTL(IF(ISNUMBER($F8),$F8,FECHA.VALOR($F8)),IF(UPPER(TRIM($B8))="AUXILIAR DE COCINA",10,15),1,FESTIVOS!$A$3:$A$1000))} -> 45993 | L8: =IF($F9="","",DATE( YEAR(EDATE($F9,IF(DAY($F9)>=IF(UPPER(TRIM($B9))="AUXILIAR DE COCINA",17,11),1,0))), MONTH(EDATE($F9,IF(DAY($F9)>=IF(UPPER(TRIM($B9))="AUXILIAR DE COCINA",17,11),1,0))), 1 )) -> 45992 | M8: =IF($K8="","",IF(OR($D8="",$D8<$F8),"PENDIENTE",IF($D8<=$K8,"A TIEMPO","FUERA DE TIEMPO"))) -> A TIEMPO | O8: Total #¡REF! | Q8: 1 | R8: 1 | U8: 2
A9: KAREN YANETH ANAYA | B9: AUXILIAR DE COCINA | C9: CONTRATADO | D9: 45987 | E9: ANGIE | F9: 45979 | G9: DISTRITO VERA | H9: SEBASTIAN SANCHEZ MARIN | K9: {=IF(OR($B9="",$F9=""),"",WORKDAY.INTL(IF(ISNUMBER($F9),$F9,FECHA.VALOR($F9)),IF(UPPER(TRIM($B9))="AUXILIAR DE COCINA",10,15),1,FESTIVOS!$A$3:$A$1000))} -> 45993 | L9: =IF($F10="","",DATE( YEAR(EDATE($F10,IF(DAY($F10)>=IF(UPPER(TRIM($B10))="AUXILIAR DE COCINA",17,11),1,0))), MONTH(EDATE($F10,IF(DAY($F10)>=IF(UPPER(TRIM($B10))="AUXILIAR DE COCINA",17,11),1,0))), 1 )) -> 45992 | M9: =IF($K9="","",IF(OR($D9="",$D9<$F9),"PENDIENTE",IF($D9<=$K9,"A TIEMPO","FUERA DE TIEMPO"))) -> A TIEMPO | O9: 45992 | P9: AUXILIAR DE COCINA | Q9: 24 | R9: 5 | S9: 1 | U9: 30
A10: NELLIS JUDITH GAMEZ LOPEZ | B10: AUXILIAR DE COCINA | C10: CONTRATADO | D10: 45989 | E10: ANGIE | F10: 45979 | G10: SUPERNUEMRARIA | H10: LUISA FERNANDA AGUDELO CEBALLOS | K10: {=IF(OR($B10="",$F10=""),"",WORKDAY.INTL(IF(ISNUMBER($F10),$F10,FECHA.VALOR($F10)),IF(UPPER(TRIM($B10))="AUXILIAR DE COCINA",10,15),1,FESTIVOS!$A$3:$A$1000))} -> 45993 | L10: =IF($F11="","",DATE( YEAR(EDATE($F11,IF(DAY($F11)>=IF(UPPER(TRIM($B11))="AUXILIAR DE COCINA",17,11),1,0))), MONTH(EDATE($F11,IF(DAY($F11)>=IF(UPPER(TRIM($B11))="AUXILIAR DE COCINA",17,11),1,0))), 1 )) -> 45992 | M10: =IF($K10="","",IF(OR($D10="",$D10<$F10),"PENDIENTE",IF($D10<=$K10,"A TIEMPO","FUERA DE TIEMPO"))) -> A TIEMPO | P10: AUXILIAR DE SERVICIO | Q10: 6 | R10: 2 | U10: 8
A11: PAULA ANDREA LONDOÑO GUERRERO | B11: AUXILIAR DE COCINA | C11: CONTRATADO | D11: 45989 | E11: ANGIE | F11: 45979 | G11: SUPERNUMERARIO | H11: LUIS CARLOS CUADRADO MORA | K11: {=IF(OR($B11="",$F11=""),"",WORKDAY.INTL(IF(ISNUMBER($F11),$F11,FECHA.VALOR($F11)),IF(UPPER(TRIM($B11))="AUXILIAR DE COCINA",10,15),1,FESTIVOS!$A$3:$A$1000))} -> 45993 | L11: =IF($F12="","",DATE( YEAR(EDATE($F12,IF(DAY($F12)>=IF(UPPER(TRIM($B12))="AUXILIAR DE COCINA",17,11),1,0))), MONTH(EDATE($F12,IF(DAY($F12)>=IF(UPPER(TRIM($B12))="AUXILIAR DE COCINA",17,11),1,0))), 1 )) -> 45992 | M11: =IF($K11="","",IF(OR($D11="",$D11<$F11),"PENDIENTE",IF($D11<=$K11,"A TIEMPO","FUERA DE TIEMPO"))) -> A TIEMPO | O11: Total 01/12/2025 | Q11: 30 | R11: 7 | S11: 1 | U11: 38
A12: DEILER RAMIREZ MENDOSA | B12: AUXILIAR DE COCINA | C12: CONTRATADO | D12: 45993 | E12: ANGIE | F12: 45979 | G12: OVIEDO | H12: BRANDIS LUZ BELLO BLANCO | K12: {=IF(OR($B12="",$F12=""),"",WORKDAY.INTL(IF(ISNUMBER($F12),$F12,FECHA.VALOR($F12)),IF(UPPER(TRIM($B12))="AUXILIAR DE COCINA",10,15),1,FESTIVOS!$A$3:$A$1000))} -> 45993 | L12: =IF($F13="","",DATE( YEAR(EDATE($F13,IF(DAY($F13)>=IF(UPPER(TRIM($B13))="AUXILIAR DE COCINA",17,11),1,0))), MONTH(EDATE($F13,IF(DAY($F13)>=IF(UPPER(TRIM($B13))="AUXILIAR DE COCINA",17,11),1,0))), 1 )) -> 45992 | M12: =IF($K12="","",IF(OR($D12="",$D12<$F12),"PENDIENTE",IF($D12<=$K12,"A TIEMPO","FUERA DE TIEMPO"))) -> A TIEMPO | O12: 46023 | P12: AUXILIAR DE COCINA | Q12: 16 | R12: 2 | T12: 2 | U12: 20
A13: EMILCE ISABEL HERNANDEZ | B13: AUXILIAR DE SERVICIO | C13: CONTRATADO | D13: 45987 | E13: ANGIE | F13: 45979 | H13: VALENCIA PROAÑOS JENNY ALEJANDRA | K13: {=IF(OR($B13="",$F13=""),"",WORKDAY.INTL(IF(ISNUMBER($F13),$F13,FECHA.VALOR($F13)),IF(UPPER(TRIM($B13))="AUXILIAR DE COCINA",10,15),1,FESTIVOS!$A$3:$A$1000))} -> 46001 | L13: =IF($F14="","",DATE( YEAR(EDATE($F14,IF(DAY($F14)>=IF(UPPER(TRIM($B14))="AUXILIAR DE COCINA",17,11),1,0))), MONTH(EDATE($F14,IF(DAY($F14)>=IF(UPPER(TRIM($B14))="AUXILIAR DE COCINA",17,11),1,0))), 1 )) -> 45992 | M13: =IF($K13="","",IF(OR($D13="",$D13<$F13),"PENDIENTE",IF($D13<=$K13,"A TIEMPO","FUERA DE TIEMPO"))) -> A TIEMPO | P13: AUXILIAR DE SERVICIO | Q13: 3 | S13: 1 | U13: 4
A14: MARIO ANDRES MAIGUAL COGOLLO | B14: AUXILIAR DE COCINA | C14: CONTRATADO | D14: 45995 | E14: ANGIE | F14: 45981 | G14: FLORIDA 1 | H14: MARCELA YULIETH MARTINEZ BLANDON | K14: {=IF(OR($B14="",$F14=""),"",WORKDAY.INTL(IF(ISNUMBER($F14),$F14,FECHA.VALOR($F14)),IF(UPPER(TRIM($B14))="AUXILIAR DE COCINA",10,15),1,FESTIVOS!$A$3:$A$1000))} -> 45995 | L14: =IF($F15="","",DATE( YEAR(EDATE($F15,IF(DAY($F15)>=IF(UPPER(TRIM($B15))="AUXILIAR DE COCINA",17,11),1,0))), MONTH(EDATE($F15,IF(DAY($F15)>=IF(UPPER(TRIM($B15))="AUXILIAR DE COCINA",17,11),1,0))), 1 )) -> 45992 | M14: =IF($K14="","",IF(OR($D14="",$D14<$F14),"PENDIENTE",IF($D14<=$K14,"A TIEMPO","FUERA DE TIEMPO"))) -> A TIEMPO | O14: Total 01/01/2026 | Q14: 19 | R14: 2 | S14: 1 | T14: 2 | U14: 24
A15: MONICA MARCELA MONTOYA CAÑAS | B15: AUXILIAR DE COCINA | C15: CONTRATADO | D15: 45995 | E15: ANGIE | F15: 45981 | G15: SANTA FE | H15: HERNANDEZ ANGULO NAUDITH | K15: {=IF(OR($B15="",$F15=""),"",WORKDAY.INTL(IF(ISNUMBER($F15),$F15,FECHA.VALOR($F15)),IF(UPPER(TRIM($B15))="AUXILIAR DE COCINA",10,15),1,FESTIVOS!$A$3:$A$1000))} -> 45995 | L15: =IF($F16="","",DATE( YEAR(EDATE($F16,IF(DAY($F16)>=IF(UPPER(TRIM($B16))="AUXILIAR DE COCINA",17,11),1,0))), MONTH(EDATE($F16,IF(DAY($F16)>=IF(UPPER(TRIM($B16))="AUXILIAR DE COCINA",17,11),1,0))), 1 )) -> 45992 | M15: =IF($K15="","",IF(OR($D15="",$D15<$F15),"PENDIENTE",IF($D15<=$K15,"A TIEMPO","FUERA DE TIEMPO"))) -> A TIEMPO | O15: 46054 | P15: AUXILIAR DE COCINA | Q15: 2 | S15: 11 | U15: 13
A16: CINDI MILENA MARTINEZ IBARGUEN | B16: AUXILIAR DE COCINA | C16: CONTRATADO | D16: 45994 | E16: ANGIE | F16: 45982 | G16: LA CENTRAL | H16: JUAN ESTEBAN RIOS PALACIO | K16: {=IF(OR($B16="",$F16=""),"",WORKDAY.INTL(IF(ISNUMBER($F16),$F16,FECHA.VALOR($F16)),IF(UPPER(TRIM($B16))="AUXILIAR DE COCINA",10,15),1,FESTIVOS!$A$3:$A$1000))} -> 45996 | L16: =IF($F17="","",DATE( YEAR(EDATE($F17,IF(DAY($F17)>=IF(UPPER(TRIM($B17))="AUXILIAR DE COCINA",17,11),1,0))), MONTH(EDATE($F17,IF(DAY($F17)>=IF(UPPER(TRIM($B17))="AUXILIAR DE COCINA",17,11),1,0))), 1 )) -> 45992 | M16: =IF($K16="","",IF(OR($D16="",$D16<$F16),"PENDIENTE",IF($D16<=$K16,"A TIEMPO","FUERA DE TIEMPO"))) -> A TIEMPO | P16: AUXILIAR DE SERVICIO | Q16: 1 | U16: 1
A17: NATALIA ANDREA HOLGUIN | B17: AUXILIAR DE COCINA | C17: CONTRATADO | D17: 45994 | E17: ANGIE | F17: 45982 | G17: OVIEDO | H17: NORLIDIS LLORENTE | K17: {=IF(OR($B17="",$F17=""),"",WORKDAY.INTL(IF(ISNUMBER($F17),$F17,FECHA.VALOR($F17)),IF(UPPER(TRIM($B17))="AUXILIAR DE COCINA",10,15),1,FESTIVOS!$A$3:$A$1000))} -> 45996 | L17: =IF($F18="","",DATE( YEAR(EDATE($F18,IF(DAY($F18)>=IF(UPPER(TRIM($B18))="AUXILIAR DE COCINA",17,11),1,0))), MONTH(EDATE($F18,IF(DAY($F18)>=IF(UPPER(TRIM($B18))="AUXILIAR DE COCINA",17,11),1,0))), 1 )) -> 45992 | M17: =IF($K17="","",IF(OR($D17="",$D17<$F17),"PENDIENTE",IF($D17<=$K17,"A TIEMPO","FUERA DE TIEMPO"))) -> A TIEMPO | O17: Total 01/02/2026 | Q17: 3 | S17: 11 | U17: 14
A18: JULIAN DAVID POLO BARRIOS | B18: AUXILIAR DE COCINA | C18: CONTRATADO | D18: 46007 | E18: ANGIE | F18: 45982 | G18: FLORIDA 2 | H18: NUÑES HORTA MARIA JOSE | K18: {=IF(OR($B18="",$F18=""),"",WORKDAY.INTL(IF(ISNUMBER($F18),$F18,FECHA.VALOR($F18)),IF(UPPER(TRIM($B18))="AUXILIAR DE COCINA",10,15),1,FESTIVOS!$A$3:$A$1000))} -> 45996 | L18: =IF($F19="","",DATE( YEAR(EDATE($F19,IF(DAY($F19)>=IF(UPPER(TRIM($B19))="AUXILIAR DE COCINA",17,11),1,0))), MONTH(EDATE($F19,IF(DAY($F19)>=IF(UPPER(TRIM($B19))="AUXILIAR DE COCINA",17,11),1,0))), 1 )) -> 45992 | M18: =IF($K18="","",IF(OR($D18="",$D18<$F18),"PENDIENTE",IF($D18<=$K18,"A TIEMPO","FUERA DE TIEMPO"))) -> FUERA DE TIEMPO | O18: Total general | Q18: 53 | R18: 10 | S18: 14 | T18: 2 | U18: 79
A19: EMILCE ISABEL HERNANDEZ | B19: AUXILIAR DE SERVICIO | C19: CONTRATADO | D19: 45987 | E19: ANGIE | F19: 45985 | H19: VALENCIA PROAÑOS JENNY ALEJANDRA | K19: {=IF(OR($B19="",$F19=""),"",WORKDAY.INTL(IF(ISNUMBER($F19),$F19,FECHA.VALOR($F19)),IF(UPPER(TRIM($B19))="AUXILIAR DE COCINA",10,15),1,FESTIVOS!$A$3:$A$1000))} -> 46007 | L19: =IF($F20="","",DATE( YEAR(EDATE($F20,IF(DAY($F20)>=IF(UPPER(TRIM($B20))="AUXILIAR DE COCINA",17,11),1,0))), MONTH(EDATE($F20,IF(DAY($F20)>=IF(UPPER(TRIM($B20))="AUXILIAR DE COCINA",17,11),1,0))), 1 )) -> 45992 | M19: =IF($K19="","",IF(OR($D19="",$D19<$F19),"PENDIENTE",IF($D19<=$K19,"A TIEMPO","FUERA DE TIEMPO"))) -> A TIEMPO
A20: ELIANA ESTRADA SUAREZ | B20: AUXILIAR DE SERVICIO | C20: CONTRATADO | D20: 46007 | E20: ANGIE | F20: 45985 | G20: SUPERNUMERARIO | H20: SINDY PATRICIA MELENDRES SALGADO | K20: {=IF(OR($B20="",$F20=""),"",WORKDAY.INTL(IF(ISNUMBER($F20),$F20,FECHA.VALOR($F20)),IF(UPPER(TRIM($B20))="AUXILIAR DE COCINA",10,15),1,FESTIVOS!$A$3:$A$1000))} -> 46007 | L20: =IF($F21="","",DATE( YEAR(EDATE($F21,IF(DAY($F21)>=IF(UPPER(TRIM($B21))="AUXILIAR DE COCINA",17,11),1,0))), MONTH(EDATE($F21,IF(DAY($F21)>=IF(UPPER(TRIM($B21))="AUXILIAR DE COCINA",17,11),1,0))), 1 )) -> 45992 | M20: =IF($K20="","",IF(OR($D20="",$D20<$F20),"PENDIENTE",IF($D20<=$K20,"A TIEMPO","FUERA DE TIEMPO"))) -> A TIEMPO
A21: YEINIS GRACIALA GUTIERREZ | B21: AUXILIAR DE SERVICIO | C21: CONTRATADO | D21: 46007 | E21: ANGIE | F21: 45986 | G21: VIVA LAURELES | H21: VALDERRAMA ORTEGA KEVIN | K21: {=IF(OR($B21="",$F21=""),"",WORKDAY.INTL(IF(ISNUMBER($F21),$F21,FECHA.VALOR($F21)),IF(UPPER(TRIM($B21))="AUXILIAR DE COCINA",10,15),1,FESTIVOS!$A$3:$A$1000))} -> 46008 | L21: =IF($F22="","",DATE( YEAR(EDATE($F22,IF(DAY($F22)>=IF(UPPER(TRIM($B22))="AUXILIAR DE COCINA",17,11),1,0))), MONTH(EDATE($F22,IF(DAY($F22)>=IF(UPPER(TRIM($B22))="AUXILIAR DE COCINA",17,11),1,0))), 1 )) -> 45992 | M21: =IF($K21="","",IF(OR($D21="",$D21<$F21),"PENDIENTE",IF($D21<=$K21,"A TIEMPO","FUERA DE TIEMPO"))) -> A TIEMPO
A22: ANGELA CÉCILIA ÁLVAREZ | B22: AUXILIAR DE SERVICIO | C22: CONTRATADO | D22: 46007 | E22: ANGIE | F22: 45986 | G22: LA CENTRAL | H22: JULIAN ANDRES VALENCIA OCAMPO | K22: {=IF(OR($B22="",$F22=""),"",WORKDAY.INTL(IF(ISNUMBER($F22),$F22,FECHA.VALOR($F22)),IF(UPPER(TRIM($B22))="AUXILIAR DE COCINA",10,15),1,FESTIVOS!$A$3:$A$1000))} -> 46008 | L22: =IF($F23="","",DATE( YEAR(EDATE($F23,IF(DAY($F23)>=IF(UPPER(TRIM($B23))="AUXILIAR DE COCINA",17,11),1,0))), MONTH(EDATE($F23,IF(DAY($F23)>=IF(UPPER(TRIM($B23))="AUXILIAR DE COCINA",17,11),1,0))), 1 )) -> 45992 | M22: =IF($K22="","",IF(OR($D22="",$D22<$F22),"PENDIENTE",IF($D22<=$K22,"A TIEMPO","FUERA DE TIEMPO"))) -> A TIEMPO
A23: DERWIN PAJARO MEDINA | B23: AUXILIAR DE SERVICIO | C23: CONTRATADO | D23: 46041 | E23: ANGIE | F23: 45986 | G23: SANTA FE | H23: BERRIO GUEVARA MARIA ISABEL | K23: {=IF(OR($B23="",$F23=""),"",WORKDAY.INTL(IF(ISNUMBER($F23),$F23,FECHA.VALOR($F23)),IF(UPPER(TRIM($B23))="AUXILIAR DE COCINA",10,15),1,FESTIVOS!$A$3:$A$1000))} -> 46008 | L23: =IF($F24="","",DATE( YEAR(EDATE($F24,IF(DAY($F24)>=IF(UPPER(TRIM($B24))="AUXILIAR DE COCINA",17,11),1,0))), MONTH(EDATE($F24,IF(DAY($F24)>=IF(UPPER(TRIM($B24))="AUXILIAR DE COCINA",17,11),1,0))), 1 )) -> 45992 | M23: =IF($K23="","",IF(OR($D23="",$D23<$F23),"PENDIENTE",IF($D23<=$K23,"A TIEMPO","FUERA DE TIEMPO"))) -> FUERA DE TIEMPO
A24: KAREN DALLANA LARGACHA | B24: AUXILIAR DE COCINA | C24: CONTRATADO | D24: 46008 | E24: ANGIE | F24: 45993 | G24: SUPERNUMERARIO | H24: ORREGO CALLE LAURA | K24: {=IF(OR($B24="",$F24=""),"",WORKDAY.INTL(IF(ISNUMBER($F24),$F24,FECHA.VALOR($F24)),IF(UPPER(TRIM($B24))="AUXILIAR DE COCINA",10,15),1,FESTIVOS!$A$3:$A$1000))} -> 46008 | L24: =IF($F25="","",DATE( YEAR(EDATE($F25,IF(DAY($F25)>=IF(UPPER(TRIM($B25))="AUXILIAR DE COCINA",17,11),1,0))), MONTH(EDATE($F25,IF(DAY($F25)>=IF(UPPER(TRIM($B25))="AUXILIAR DE COCINA",17,11),1,0))), 1 )) -> 45992 | M24: =IF($K24="","",IF(OR($D24="",$D24<$F24),"PENDIENTE",IF($D24<=$K24,"A TIEMPO","FUERA DE TIEMPO"))) -> A TIEMPO
A25: LUISA FERNANDA PELUFO | B25: AUXILIAR DE COCINA | C25: CONTRATADO | D25: 46007 | E25: ANGIE | F25: 45994 | G25: VIVA ENVIGADO | H25: PEREZ BERRIO LEIDIS | K25: {=IF(OR($B25="",$F25=""),"",WORKDAY.INTL(IF(ISNUMBER($F25),$F25,FECHA.VALOR($F25)),IF(UPPER(TRIM($B25))="AUXILIAR DE COCINA",10,15),1,FESTIVOS!$A$3:$A$1000))} -> 46009 | L25: =IF($F26="","",DATE( YEAR(EDATE($F26,IF(DAY($F26)>=IF(UPPER(TRIM($B26))="AUXILIAR DE COCINA",17,11),1,0))), MONTH(EDATE($F26,IF(DAY($F26)>=IF(UPPER(TRIM($B26))="AUXILIAR DE COCINA",17,11),1,0))), 1 )) -> 45992 | M25: =IF($K25="","",IF(OR($D25="",$D25<$F25),"PENDIENTE",IF($D25<=$K25,"A TIEMPO","FUERA DE TIEMPO"))) -> A TIEMPO
A26: LEIDY BIVIANA GALVIS | B26: AUXILIAR DE COCINA | C26: CONTRATADO | D26: 46008 | E26: ANGIE | F26: 45994 | G26: ARKADIA | H26: OCHOA SANCHEZ MARIANA | K26: {=IF(OR($B26="",$F26=""),"",WORKDAY.INTL(IF(ISNUMBER($F26),$F26,FECHA.VALOR($F26)),IF(UPPER(TRIM($B26))="AUXILIAR DE COCINA",10,15),1,FESTIVOS!$A$3:$A$1000))} -> 46009 | L26: =IF($F27="","",DATE( YEAR(EDATE($F27,IF(DAY($F27)>=IF(UPPER(TRIM($B27))="AUXILIAR DE COCINA",17,11),1,0))), MONTH(EDATE($F27,IF(DAY($F27)>=IF(UPPER(TRIM($B27))="AUXILIAR DE COCINA",17,11),1,0))), 1 )) -> 45992 | M26: =IF($K26="","",IF(OR($D26="",$D26<$F26),"PENDIENTE",IF($D26<=$K26,"A TIEMPO","FUERA DE TIEMPO"))) -> A TIEMPO
A27: LAURA ECHAVARRIA | B27: AUXILIAR DE COCINA | C27: CONTRATADO | D27: 46008 | E27: ANGIE | F27: 45994 | G27: GRAN PLAZA | H27: CHANCI NAVARRO YULIETH PAOLA | I27: 0 | K27: {=IF(OR($B27="",$F27=""),"",WORKDAY.INTL(IF(ISNUMBER($F27),$F27,FECHA.VALOR($F27)),IF(UPPER(TRIM($B27))="AUXILIAR DE COCINA",10,15),1,FESTIVOS!$A$3:$A$1000))} -> 46009 | L27: =IF($F28="","",DATE( YEAR(EDATE($F28,IF(DAY($F28)>=IF(UPPER(TRIM($B28))="AUXILIAR DE COCINA",17,11),1,0))), MONTH(EDATE($F28,IF(DAY($F28)>=IF(UPPER(TRIM($B28))="AUXILIAR DE COCINA",17,11),1,0))), 1 )) -> 45992 | M27: =IF($K27="","",IF(OR($D27="",$D27<$F27),"PENDIENTE",IF($D27<=$K27,"A TIEMPO","FUERA DE TIEMPO"))) -> A TIEMPO
A28: SACRA ISABEL COCHERO | B28: AUXILIAR DE COCINA | C28: CONTRATADO | D28: 46008 | E28: ANGIE | F28: 45994 | G28: VIVA ENVIGADO | H28: ROHIMER RAMON RONDON | K28: {=IF(OR($B28="",$F28=""),"",WORKDAY.INTL(IF(ISNUMBER($F28),$F28,FECHA.VALOR($F28)),IF(UPPER(TRIM($B28))="AUXILIAR DE COCINA",10,15),1,FESTIVOS!$A$3:$A$1000))} -> 46009 | L28: =IF($F29="","",DATE( YEAR(EDATE($F29,IF(DAY($F29)>=IF(UPPER(TRIM($B29))="AUXILIAR DE COCINA",17,11),1,0))), MONTH(EDATE($F29,IF(DAY($F29)>=IF(UPPER(TRIM($B29))="AUXILIAR DE COCINA",17,11),1,0))), 1 )) -> 45992 | M28: =IF($K28="","",IF(OR($D28="",$D28<$F28),"PENDIENTE",IF($D28<=$K28,"A TIEMPO","FUERA DE TIEMPO"))) -> A TIEMPO
A29: MARIA ANA CIRIA PLACIOS | B29: AUXILIAR DE COCINA | C29: CONTRATADO | D29: 46010 | E29: ANGIE | F29: 45994 | G29: MAYORCA 1 | H29: GARCÍA CADAVID MATEO SMIT | K29: 46015 | L29: =IF($F30="","",DATE( YEAR(EDATE($F30,IF(DAY($F30)>=IF(UPPER(TRIM($B30))="AUXILIAR DE COCINA",17,11),1,0))), MONTH(EDATE($F30,IF(DAY($F30)>=IF(UPPER(TRIM($B30))="AUXILIAR DE COCINA",17,11),1,0))), 1 )) -> 45992 | M29: =IF($K29="","",IF(OR($D29="",$D29<$F29),"PENDIENTE",IF($D29<=$K29,"A TIEMPO","FUERA DE TIEMPO"))) -> A TIEMPO
A30: SARA GUTIERREZ | B30: AUXILIAR DE COCINA | C30: CONTRATADO | D30: 46010 | E30: ANGIE | F30: 45994 | G30: OVIEDO | H30: PEDROZO ZANBRANO RICARDO | K30: 46015 | L30: =IF($F31="","",DATE( YEAR(EDATE($F31,IF(DAY($F31)>=IF(UPPER(TRIM($B31))="AUXILIAR DE COCINA",17,11),1,0))), MONTH(EDATE($F31,IF(DAY($F31)>=IF(UPPER(TRIM($B31))="AUXILIAR DE COCINA",17,11),1,0))), 1 )) -> 45992 | M30: =IF($K30="","",IF(OR($D30="",$D30<$F30),"PENDIENTE",IF($D30<=$K30,"A TIEMPO","FUERA DE TIEMPO"))) -> A TIEMPO
A31: DRAIDY YESELY MEJIA | B31: AUXILIAR DE COCINA | C31: CONTRATADO | D31: 46010 | E31: ANGIE | F31: 45994 | G31: OVIEDO | H31: FUENTES NARANJO NICK MICHELL | K31: 46015 | L31: =IF($F32="","",DATE( YEAR(EDATE($F32,IF(DAY($F32)>=IF(UPPER(TRIM($B32))="AUXILIAR DE COCINA",17,11),1,0))), MONTH(EDATE($F32,IF(DAY($F32)>=IF(UPPER(TRIM($B32))="AUXILIAR DE COCINA",17,11),1,0))), 1 )) -> 45992 | M31: =IF($K31="","",IF(OR($D31="",$D31<$F31),"PENDIENTE",IF($D31<=$K31,"A TIEMPO","FUERA DE TIEMPO"))) -> A TIEMPO
A32: YASITH LUZ HERRERA PEREZ | B32: AUXILIAR DE SERVICIO | C32: CONTRATADO | D32: 46024 | E32: ANGIE | F32: 45995 | G32: SUPERNUMERARIA | H32: CAROLINA LOPEZ ZAPATA | K32: {=IF(OR($B32="",$F32=""),"",WORKDAY.INTL(IF(ISNUMBER($F32),$F32,FECHA.VALOR($F32)),IF(UPPER(TRIM($B32))="AUXILIAR DE COCINA",10,15),1,FESTIVOS!$A$3:$A$1000))} -> 46020 | L32: =IF(#REF!="","",DATE( YEAR(EDATE(#REF!,IF(DAY(#REF!)>=IF(UPPER(TRIM(#REF!))="AUXILIAR DE COCINA",17,11),1,0))), MONTH(EDATE(#REF!,IF(DAY(#REF!)>=IF(UPPER(TRIM(#REF!))="AUXILIAR DE COCINA",17,11),1,0))), 1 )) -> #REF! | M32: =IF($K32="","",IF(OR($D32="",$D32<$F32),"PENDIENTE",IF($D32<=$K32,"A TIEMPO","FUERA DE TIEMPO"))) -> FUERA DE TIEMPO
A33: VALENTINA VANESSA GOMEZ | B33: AUXILIAR DE COCINA | C33: CONTRATADO | D33: 46010 | E33: ANGIE | F33: 45996 | G33: DE MODA | H33: BONILLA FERNANDEZ RICARDO ENMANUEL | K33: {=IF(OR($B33="",$F33=""),"",WORKDAY.INTL(IF(ISNUMBER($F33),$F33,FECHA.VALOR($F33)),IF(UPPER(TRIM($B33))="AUXILIAR DE COCINA",10,15),1,FESTIVOS!$A$3:$A$1000))} -> 46013 | L33: =IF($F34="","",DATE( YEAR(EDATE($F34,IF(DAY($F34)>=IF(UPPER(TRIM($B34))="AUXILIAR DE COCINA",17,11),1,0))), MONTH(EDATE($F34,IF(DAY($F34)>=IF(UPPER(TRIM($B34))="AUXILIAR DE COCINA",17,11),1,0))), 1 )) -> 45992 | M33: =IF($K33="","",IF(OR($D33="",$D33<$F33),"PENDIENTE",IF($D33<=$K33,"A TIEMPO","FUERA DE TIEMPO"))) -> A TIEMPO
A34: JOSE ANGEL MEZA | B34: AUXILIAR DE COCINA | C34: CONTRATADO | D34: 46010 | E34: ANGIE | F34: 45996 | G34: VIVA ENVIGADO | H34: DOGIRAMA MANYOMA JHOANA | K34: {=IF(OR($B34="",$F34=""),"",WORKDAY.INTL(IF(ISNUMBER($F34),$F34,FECHA.VALOR($F34)),IF(UPPER(TRIM($B34))="AUXILIAR DE COCINA",10,15),1,FESTIVOS!$A$3:$A$1000))} -> 46013 | L34: =IF($F35="","",DATE( YEAR(EDATE($F35,IF(DAY($F35)>=IF(UPPER(TRIM($B35))="AUXILIAR DE COCINA",17,11),1,0))), MONTH(EDATE($F35,IF(DAY($F35)>=IF(UPPER(TRIM($B35))="AUXILIAR DE COCINA",17,11),1,0))), 1 )) -> 45992 | M34: =IF($K34="","",IF(OR($D34="",$D34<$F34),"PENDIENTE",IF($D34<=$K34,"A TIEMPO","FUERA DE TIEMPO"))) -> A TIEMPO
A35: SARAI MARIA HERNANDEZ | B35: AUXILIAR DE COCINA | C35: CONTRATADO | D35: 46010 | E35: ANGIE | F35: 45996 | G35: SANTA FE | H35: SILGADO RUIZ LUISANA | K35: {=IF(OR($B35="",$F35=""),"",WORKDAY.INTL(IF(ISNUMBER($F35),$F35,FECHA.VALOR($F35)),IF(UPPER(TRIM($B35))="AUXILIAR DE COCINA",10,15),1,FESTIVOS!$A$3:$A$1000))} -> 46013 | L35: =IF($F36="","",DATE( YEAR(EDATE($F36,IF(DAY($F36)>=IF(UPPER(TRIM($B36))="AUXILIAR DE COCINA",17,11),1,0))), MONTH(EDATE($F36,IF(DAY($F36)>=IF(UPPER(TRIM($B36))="AUXILIAR DE COCINA",17,11),1,0))), 1 )) -> 45992 | M35: =IF($K35="","",IF(OR($D35="",$D35<$F35),"PENDIENTE",IF($D35<=$K35,"A TIEMPO","FUERA DE TIEMPO"))) -> A TIEMPO
A36: DIEGO ALONSO OCAMPO YEPES | B36: AUXILIAR DE COCINA | C36: CONTRATADO | D36: 46010 | E36: ANGIE | F36: 45999 | G36: DE MODA | H36: ORTEGA PALMA JANER RAFAEL | K36: {=IF(OR($B36="",$F36=""),"",WORKDAY.INTL(IF(ISNUMBER($F36),$F36,FECHA.VALOR($F36)),IF(UPPER(TRIM($B36))="AUXILIAR DE COCINA",10,15),1,FESTIVOS!$A$3:$A$1000))} -> 46013 | L36: =IF($F37="","",DATE( YEAR(EDATE($F37,IF(DAY($F37)>=IF(UPPER(TRIM($B37))="AUXILIAR DE COCINA",17,11),1,0))), MONTH(EDATE($F37,IF(DAY($F37)>=IF(UPPER(TRIM($B37))="AUXILIAR DE COCINA",17,11),1,0))), 1 )) -> 45992 | M36: =IF($K36="","",IF(OR($D36="",$D36<$F36),"PENDIENTE",IF($D36<=$K36,"A TIEMPO","FUERA DE TIEMPO"))) -> A TIEMPO
A37: LILIAM YISET ROMERO BARBOZA | B37: AUXILIAR DE COCINA | C37: CONTRATADO | D37: 46031 | E37: ANGIE | F37: 46003 | H37: YENIFER PAOLA MORENO PEREZ | K37: {=IF(OR($B37="",$F37=""),"",WORKDAY.INTL(IF(ISNUMBER($F37),$F37,FECHA.VALOR($F37)),IF(UPPER(TRIM($B37))="AUXILIAR DE COCINA",10,15),1,FESTIVOS!$A$3:$A$1000))} -> 46020 | L37: =IF($F38="","",DATE( YEAR(EDATE($F38,IF(DAY($F38)>=IF(UPPER(TRIM($B38))="AUXILIAR DE COCINA",17,11),1,0))), MONTH(EDATE($F38,IF(DAY($F38)>=IF(UPPER(TRIM($B38))="AUXILIAR DE COCINA",17,11),1,0))), 1 )) -> 45992 | M37: =IF($K37="","",IF(OR($D37="",$D37<$F37),"PENDIENTE",IF($D37<=$K37,"A TIEMPO","FUERA DE TIEMPO"))) -> FUERA DE TIEMPO
A38: YUDY NATALIA FLOREZ MANCO | B38: AUXILIAR DE COCINA | C38: CONTRATADO | D38: 46029 | E38: ANGIE | F38: 46003 | H38: JESUS ALBERTO SEPULVEDA BELTRAN | K38: {=IF(OR($B38="",$F38=""),"",WORKDAY.INTL(IF(ISNUMBER($F38),$F38,FECHA.VALOR($F38)),IF(UPPER(TRIM($B38))="AUXILIAR DE COCINA",10,15),1,FESTIVOS!$A$3:$A$1000))} -> 46020 | L38: =IF($F39="","",DATE( YEAR(EDATE($F39,IF(DAY($F39)>=IF(UPPER(TRIM($B39))="AUXILIAR DE COCINA",17,11),1,0))), MONTH(EDATE($F39,IF(DAY($F39)>=IF(UPPER(TRIM($B39))="AUXILIAR DE COCINA",17,11),1,0))), 1 )) -> 45992 | M38: =IF($K38="","",IF(OR($D38="",$D38<$F38),"PENDIENTE",IF($D38<=$K38,"A TIEMPO","FUERA DE TIEMPO"))) -> FUERA DE TIEMPO
A39: SUSANA RIOS MEJIA | B39: AUXILIAR DE COCINA | C39: CONTRATADO | D39: 46031 | E39: ANGIE | F39: 46003 | H39: LEIDIS TATIANA MONTERROZA GIL | K39: {=IF(OR($B39="",$F39=""),"",WORKDAY.INTL(IF(ISNUMBER($F39),$F39,FECHA.VALOR($F39)),IF(UPPER(TRIM($B39))="AUXILIAR DE COCINA",10,15),1,FESTIVOS!$A$3:$A$1000))} -> 46020 | L39: =IF($F40="","",DATE( YEAR(EDATE($F40,IF(DAY($F40)>=IF(UPPER(TRIM($B40))="AUXILIAR DE COCINA",17,11),1,0))), MONTH(EDATE($F40,IF(DAY($F40)>=IF(UPPER(TRIM($B40))="AUXILIAR DE COCINA",17,11),1,0))), 1 )) -> 45992 | M39: =IF($K39="","",IF(OR($D39="",$D39<$F39),"PENDIENTE",IF($D39<=$K39,"A TIEMPO","FUERA DE TIEMPO"))) -> FUERA DE TIEMPO
A40: YORLEIDYS PEÑATA HERRERA | B40: AUXILIAR DE COCINA | C40: CONTRATADO | D40: 46031 | E40: ANGIE | F40: 46003 | H40: LEIDY DIANA MONTERROSA GIL | K40: {=IF(OR($B40="",$F40=""),"",WORKDAY.INTL(IF(ISNUMBER($F40),$F40,FECHA.VALOR($F40)),IF(UPPER(TRIM($B40))="AUXILIAR DE COCINA",10,15),1,FESTIVOS!$A$3:$A$1000))} -> 46020 | L40: =IF(#REF!="","",DATE( YEAR(EDATE(#REF!,IF(DAY(#REF!)>=IF(UPPER(TRIM(#REF!))="AUXILIAR DE COCINA",17,11),1,0))), MONTH(EDATE(#REF!,IF(DAY(#REF!)>=IF(UPPER(TRIM(#REF!))="AUXILIAR DE COCINA",17,11),1,0))), 1 )) -> #REF! | M40: =IF($K40="","",IF(OR($D40="",$D40<$F40),"PENDIENTE",IF($D40<=$K40,"A TIEMPO","FUERA DE TIEMPO"))) -> FUERA DE TIEMPO
A41: NAUDITH HERNANDEZ ANGULO | B41: AUXILIAR DE COCINA | C41: CONTRATADO | D41: 46024 | E41: ANGIE | F41: 46009 | G41: MOLINOS | H41: VALENCIA ROMERO MATEO AUGUSTO | K41: {=IF(OR($B41="",$F41=""),"",WORKDAY.INTL(IF(ISNUMBER($F41),$F41,FECHA.VALOR($F41)),IF(UPPER(TRIM($B41))="AUXILIAR DE COCINA",10,15),1,FESTIVOS!$A$3:$A$1000))} -> 46027 | L41: =IF($F42="","",DATE( YEAR(EDATE($F42,IF(DAY($F42)>=IF(UPPER(TRIM($B42))="AUXILIAR DE COCINA",17,11),1,0))), MONTH(EDATE($F42,IF(DAY($F42)>=IF(UPPER(TRIM($B42))="AUXILIAR DE COCINA",17,11),1,0))), 1 )) -> 46023 | M41: =IF($K41="","",IF(OR($D41="",$D41<$F41),"PENDIENTE",IF($D41<=$K41,"A TIEMPO","FUERA DE TIEMPO"))) -> A TIEMPO
A42: SIULKA YINETH MOLINA | B42: AUXILIAR DE SERVICIO | C42: CONTRATADO | D42: 46030 | E42: ANGIE | F42: 46009 | H42: SOSSA TORRES INGRID ESTEFANIA | K42: {=IF(OR($B42="",$F42=""),"",WORKDAY.INTL(IF(ISNUMBER($F42),$F42,FECHA.VALOR($F42)),IF(UPPER(TRIM($B42))="AUXILIAR DE COCINA",10,15),1,FESTIVOS!$A$3:$A$1000))} -> 46035 | L42: =IF($F43="","",DATE( YEAR(EDATE($F43,IF(DAY($F43)>=IF(UPPER(TRIM($B43))="AUXILIAR DE COCINA",17,11),1,0))), MONTH(EDATE($F43,IF(DAY($F43)>=IF(UPPER(TRIM($B43))="AUXILIAR DE COCINA",17,11),1,0))), 1 )) -> 46023 | M42: =IF($K42="","",IF(OR($D42="",$D42<$F42),"PENDIENTE",IF($D42<=$K42,"A TIEMPO","FUERA DE TIEMPO"))) -> A TIEMPO
A43: ESTEFANIA GERALDINE | B43: AUXILIAR DE SERVICIO | C43: CONTRATADO | D43: 46030 | E43: ANGIE | F43: 46009 | H43: CANO ZAPATA KENDY ALEJANDRA | K43: {=IF(OR($B43="",$F43=""),"",WORKDAY.INTL(IF(ISNUMBER($F43),$F43,FECHA.VALOR($F43)),IF(UPPER(TRIM($B43))="AUXILIAR DE COCINA",10,15),1,FESTIVOS!$A$3:$A$1000))} -> 46035 | L43: =IF($F44="","",DATE( YEAR(EDATE($F44,IF(DAY($F44)>=IF(UPPER(TRIM($B44))="AUXILIAR DE COCINA",17,11),1,0))), MONTH(EDATE($F44,IF(DAY($F44)>=IF(UPPER(TRIM($B44))="AUXILIAR DE COCINA",17,11),1,0))), 1 )) -> 46023 | M43: =IF($K43="","",IF(OR($D43="",$D43<$F43),"PENDIENTE",IF($D43<=$K43,"A TIEMPO","FUERA DE TIEMPO"))) -> A TIEMPO
A44: JHON JAIRO BETANCUR | B44: AUXILIAR DE SERVICIO | C44: CONTRATADO | D44: 46030 | E44: ANGIE | F44: 46010 | H44: HERNANDEZ BEDOYA MISHELL | K44: {=IF(OR($B44="",$F44=""),"",WORKDAY.INTL(IF(ISNUMBER($F44),$F44,FECHA.VALOR($F44)),IF(UPPER(TRIM($B44))="AUXILIAR DE COCINA",10,15),1,FESTIVOS!$A$3:$A$1000))} -> 46036 | L44: =IF($F45="","",DATE( YEAR(EDATE($F45,IF(DAY($F45)>=IF(UPPER(TRIM($B45))="AUXILIAR DE COCINA",17,11),1,0))), MONTH(EDATE($F45,IF(DAY($F45)>=IF(UPPER(TRIM($B45))="AUXILIAR DE COCINA",17,11),1,0))), 1 )) -> 46023 | M44: =IF($K44="","",IF(OR($D44="",$D44<$F44),"PENDIENTE",IF($D44<=$K44,"A TIEMPO","FUERA DE TIEMPO"))) -> A TIEMPO
A45: ALEJANDRA MARIA SUAREZ | B45: AUXILIAR DE COCINA | C45: CONTRATADO | D45: 46029 | E45: ANGIE | F45: 46013 | G45: LA CENTRAL | H45: SILVA LOPEZ MERCEDES | K45: {=IF(OR($B45="",$F45=""),"",WORKDAY.INTL(IF(ISNUMBER($F45),$F45,FECHA.VALOR($F45)),IF(UPPER(TRIM($B45))="AUXILIAR DE COCINA",10,15),1,FESTIVOS!$A$3:$A$1000))} -> 46029 | L45: =IF($F46="","",DATE( YEAR(EDATE($F46,IF(DAY($F46)>=IF(UPPER(TRIM($B46))="AUXILIAR DE COCINA",17,11),1,0))), MONTH(EDATE($F46,IF(DAY($F46)>=IF(UPPER(TRIM($B46))="AUXILIAR DE COCINA",17,11),1,0))), 1 )) -> 46023 | M45: =IF($K45="","",IF(OR($D45="",$D45<$F45),"PENDIENTE",IF($D45<=$K45,"A TIEMPO","FUERA DE TIEMPO"))) -> A TIEMPO
A46: EDIER FABIA PEREZ PABON | B46: AUXILIAR DE COCINA | C46: CONTRATADO | D46: 46029 | E46: ANGIE | F46: 46013 | G46: PUERTA | H46: CARLOS ALFREDO CARDENAS MUÑOZ | K46: {=IF(OR($B46="",$F46=""),"",WORKDAY.INTL(IF(ISNUMBER($F46),$F46,FECHA.VALOR($F46)),IF(UPPER(TRIM($B46))="AUXILIAR DE COCINA",10,15),1,FESTIVOS!$A$3:$A$1000))} -> 46029 | L46: =IF(#REF!="","",DATE( YEAR(EDATE(#REF!,IF(DAY(#REF!)>=IF(UPPER(TRIM(#REF!))="AUXILIAR DE COCINA",17,11),1,0))), MONTH(EDATE(#REF!,IF(DAY(#REF!)>=IF(UPPER(TRIM(#REF!))="AUXILIAR DE COCINA",17,11),1,0))), 1 )) -> #REF! | M46: =IF($K46="","",IF(OR($D46="",$D46<$F46),"PENDIENTE",IF($D46<=$K46,"A TIEMPO","FUERA DE TIEMPO"))) -> A TIEMPO
A47: CRISTIAN CAMILO SERNA SEGURA | B47: AUXILIAR DE COCINA | C47: CONTRATADO | D47: 46029 | E47: ANGIE | F47: 46014 | G47: PREMIUM PLAZA | H47: LEON VERA KEILYN NAOMI | K47: {=IF(OR($B47="",$F47=""),"",WORKDAY.INTL(IF(ISNUMBER($F47),$F47,FECHA.VALOR($F47)),IF(UPPER(TRIM($B47))="AUXILIAR DE COCINA",10,15),1,FESTIVOS!$A$3:$A$1000))} -> 46030 | L47: =IF($F48="","",DATE( YEAR(EDATE($F48,IF(DAY($F48)>=IF(UPPER(TRIM($B48))="AUXILIAR DE COCINA",17,11),1,0))), MONTH(EDATE($F48,IF(DAY($F48)>=IF(UPPER(TRIM($B48))="AUXILIAR DE COCINA",17,11),1,0))), 1 )) -> 46023 | M47: =IF($K47="","",IF(OR($D47="",$D47<$F47),"PENDIENTE",IF($D47<=$K47,"A TIEMPO","FUERA DE TIEMPO"))) -> A TIEMPO
A48: SERNA PEÑA LEIDY LICETH | B48: AUXILIAR DE COCINA | C48: CONTRATADO | D48: 46031 | E48: ANGIE | F48: 46017 | H48: ANGELA MARIA PULGARIN SANCHEZ | K48: {=IF(OR($B48="",$F48=""),"",WORKDAY.INTL(IF(ISNUMBER($F48),$F48,FECHA.VALOR($F48)),IF(UPPER(TRIM($B48))="AUXILIAR DE COCINA",10,15),1,FESTIVOS!$A$3:$A$1000))} -> 46035 | L48: =IF($F49="","",DATE( YEAR(EDATE($F49,IF(DAY($F49)>=IF(UPPER(TRIM($B49))="AUXILIAR DE COCINA",17,11),1,0))), MONTH(EDATE($F49,IF(DAY($F49)>=IF(UPPER(TRIM($B49))="AUXILIAR DE COCINA",17,11),1,0))), 1 )) -> 46023 | M48: =IF($K48="","",IF(OR($D48="",$D48<$F48),"PENDIENTE",IF($D48<=$K48,"A TIEMPO","FUERA DE TIEMPO"))) -> A TIEMPO
A49: JESSICA CAROLINA LUZARDO MARIMON | B49: AUXILIAR DE COCINA | C49: CONTRATADO | D49: 46038 | E49: ANGIE | F49: 46028 | G49: UNICENTRO | H49: GARAY CORDOBA ALDAIR | I49: PERFIL | J49: RENUNCIA | K49: {=IF(OR($B49="",$F49=""),"",WORKDAY.INTL(IF(ISNUMBER($F49),$F49,FECHA.VALOR($F49)),IF(UPPER(TRIM($B49))="AUXILIAR DE COCINA",10,15),1,FESTIVOS!$A$3:$A$1000))} -> 46043 | L49: =IF($F50="","",DATE( YEAR(EDATE($F50,IF(DAY($F50)>=IF(UPPER(TRIM($B50))="AUXILIAR DE COCINA",17,11),1,0))), MONTH(EDATE($F50,IF(DAY($F50)>=IF(UPPER(TRIM($B50))="AUXILIAR DE COCINA",17,11),1,0))), 1 )) -> 46023 | M49: =IF($K49="","",IF(OR($D49="",$D49<$F49),"PENDIENTE",IF($D49<=$K49,"A TIEMPO","FUERA DE TIEMPO"))) -> A TIEMPO
A50: KEVIN ALEJANDRO HIGUITA QUINTERO | B50: AUXILIAR DE COCINA | C50: CONTRATADO | D50: 46038 | E50: ANGIE | F50: 46028 | G50: PUERTA DEL NORTE | H50: PAULA ANDREA RAMIREZ GIRALDO | I50: ESTUDIANTE | J50: RENUNCIA | K50: {=IF(OR($B50="",$F50=""),"",WORKDAY.INTL(IF(ISNUMBER($F50),$F50,FECHA.VALOR($F50)),IF(UPPER(TRIM($B50))="AUXILIAR DE COCINA",10,15),1,FESTIVOS!$A$3:$A$1000))} -> 46043 | L50: =IF($F51="","",DATE( YEAR(EDATE($F51,IF(DAY($F51)>=IF(UPPER(TRIM($B51))="AUXILIAR DE COCINA",17,11),1,0))), MONTH(EDATE($F51,IF(DAY($F51)>=IF(UPPER(TRIM($B51))="AUXILIAR DE COCINA",17,11),1,0))), 1 )) -> 46023 | M50: =IF($K50="","",IF(OR($D50="",$D50<$F50),"PENDIENTE",IF($D50<=$K50,"A TIEMPO","FUERA DE TIEMPO"))) -> A TIEMPO
A51: LOREN JULIETH TORIJANO MOSQUERA | B51: AUXILIAR DE COCINA | C51: CONTRATADO | D51: 46038 | E51: ANGIE | F51: 46028 | G51: VIVA ENVIGADO | H51: DE LA CRUZ PAYARES BLAINDER JOSE | I51: JUNIOR | J51: RENUNCIA | K51: {=IF(OR($B51="",$F51=""),"",WORKDAY.INTL(IF(ISNUMBER($F51),$F51,FECHA.VALOR($F51)),IF(UPPER(TRIM($B51))="AUXILIAR DE COCINA",10,15),1,FESTIVOS!$A$3:$A$1000))} -> 46043 | L51: =IF(#REF!="","",DATE( YEAR(EDATE(#REF!,IF(DAY(#REF!)>=IF(UPPER(TRIM(#REF!))="AUXILIAR DE COCINA",17,11),1,0))), MONTH(EDATE(#REF!,IF(DAY(#REF!)>=IF(UPPER(TRIM(#REF!))="AUXILIAR DE COCINA",17,11),1,0))), 1 )) -> #REF! | M51: =IF($K51="","",IF(OR($D51="",$D51<$F51),"PENDIENTE",IF($D51<=$K51,"A TIEMPO","FUERA DE TIEMPO"))) -> A TIEMPO
A52: MARIA DE LOS ANGELES GUERRERO GUTIERREZ | B52: AUXILIAR DE COCINA | C52: CONTRATADO | D52: 46038 | E52: ANGIE | F52: 46029 | G52: MOLINOS | H52: ANA MILENA CORONADO | I52: AUXILIAR | J52: RENUNCIA | K52: {=IF(OR($B52="",$F52=""),"",WORKDAY.INTL(IF(ISNUMBER($F52),$F52,FECHA.VALOR($F52)),IF(UPPER(TRIM($B52))="AUXILIAR DE COCINA",10,15),1,FESTIVOS!$A$3:$A$1000))} -> 46044 | L52: =IF($F53="","",DATE( YEAR(EDATE($F53,IF(DAY($F53)>=IF(UPPER(TRIM($B53))="AUXILIAR DE COCINA",17,11),1,0))), MONTH(EDATE($F53,IF(DAY($F53)>=IF(UPPER(TRIM($B53))="AUXILIAR DE COCINA",17,11),1,0))), 1 )) -> 46023 | M52: =IF($K52="","",IF(OR($D52="",$D52<$F52),"PENDIENTE",IF($D52<=$K52,"A TIEMPO","FUERA DE TIEMPO"))) -> A TIEMPO
A53: MARIA JOSE RODRIGUEZ TRESPALACIOS | B53: AUXILIAR DE COCINA | C53: CONTRATADO | D53: 46038 | E53: ANGIE | F53: 46029 | G53: PUERTA DEL NORTE | H53: SARA MANUELA RUIZ | I53: AUXILIAR | J53: RENUNCIA | K53: {=IF(OR($B53="",$F53=""),"",WORKDAY.INTL(IF(ISNUMBER($F53),$F53,FECHA.VALOR($F53)),IF(UPPER(TRIM($B53))="AUXILIAR DE COCINA",10,15),1,FESTIVOS!$A$3:$A$1000))} -> 46044 | L53: =IF($F54="","",DATE( YEAR(EDATE($F54,IF(DAY($F54)>=IF(UPPER(TRIM($B54))="AUXILIAR DE COCINA",17,11),1,0))), MONTH(EDATE($F54,IF(DAY($F54)>=IF(UPPER(TRIM($B54))="AUXILIAR DE COCINA",17,11),1,0))), 1 )) -> 46023 | M53: =IF($K53="","",IF(OR($D53="",$D53<$F53),"PENDIENTE",IF($D53<=$K53,"A TIEMPO","FUERA DE TIEMPO"))) -> A TIEMPO
A54: YORJETH CAROLAIN PIANETA GONZALEZ | B54: AUXILIAR DE COCINA | C54: CONTRATADO | D54: 46043 | E54: ANGIE | F54: 46029 | G54: DE MODA | H54: MONTOYA AMAYA CLAUDIA MILENA | I54: PERFIL | J54: RENUNCIA | K54: {=IF(OR($B54="",$F54=""),"",WORKDAY.INTL(IF(ISNUMBER($F54),$F54,FECHA.VALOR($F54)),IF(UPPER(TRIM($B54))="AUXILIAR DE COCINA",10,15),1,FESTIVOS!$A$3:$A$1000))} -> 46044 | L54: =IF(#REF!="","",DATE( YEAR(EDATE(#REF!,IF(DAY(#REF!)>=IF(UPPER(TRIM(#REF!))="AUXILIAR DE COCINA",17,11),1,0))), MONTH(EDATE(#REF!,IF(DAY(#REF!)>=IF(UPPER(TRIM(#REF!))="AUXILIAR DE COCINA",17,11),1,0))), 1 )) -> #REF! | M54: =IF($K54="","",IF(OR($D54="",$D54<$F54),"PENDIENTE",IF($D54<=$K54,"A TIEMPO","FUERA DE TIEMPO"))) -> A TIEMPO
A55: Ricardo Pedrozo Zambrano | B55: AUXILIAR DE COCINA | C55: CONTRATADO | D55: 46042 | E55: ANGIE | F55: 46031 | G55: OVIEDO | H55: MUNZON DIAZ KATY LUZ | I55: AUXILIAR | J55: RENUNCIA | K55: {=IF(OR($B55="",$F55=""),"",WORKDAY.INTL(IF(ISNUMBER($F55),$F55,FECHA.VALOR($F55)),IF(UPPER(TRIM($B55))="AUXILIAR DE COCINA",10,15),1,FESTIVOS!$A$3:$A$1000))} -> 46048 | L55: =IF($F56="","",DATE( YEAR(EDATE($F56,IF(DAY($F56)>=IF(UPPER(TRIM($B56))="AUXILIAR DE COCINA",17,11),1,0))), MONTH(EDATE($F56,IF(DAY($F56)>=IF(UPPER(TRIM($B56))="AUXILIAR DE COCINA",17,11),1,0))), 1 )) -> 46023 | M55: =IF($K55="","",IF(OR($D55="",$D55<$F55),"PENDIENTE",IF($D55<=$K55,"A TIEMPO","FUERA DE TIEMPO"))) -> A TIEMPO
A56: JEFERSON JARAMILLO BORJA | B56: AUXILIAR DE COCINA | C56: CONTRATADO | D56: 46043 | E56: ANGIE | F56: 46031 | G56: SUPERNUMERARIO | H56: ALBA YUDY GARCIA | I56: AUXILIAR | J56: RENUNCIA | K56: {=IF(OR($B56="",$F56=""),"",WORKDAY.INTL(IF(ISNUMBER($F56),$F56,FECHA.VALOR($F56)),IF(UPPER(TRIM($B56))="AUXILIAR DE COCINA",10,15),1,FESTIVOS!$A$3:$A$1000))} -> 46048 | L56: =IF($F57="","",DATE( YEAR(EDATE($F57,IF(DAY($F57)>=IF(UPPER(TRIM($B57))="AUXILIAR DE COCINA",17,11),1,0))), MONTH(EDATE($F57,IF(DAY($F57)>=IF(UPPER(TRIM($B57))="AUXILIAR DE COCINA",17,11),1,0))), 1 )) -> 46023 | M56: =IF($K56="","",IF(OR($D56="",$D56<$F56),"PENDIENTE",IF($D56<=$K56,"A TIEMPO","FUERA DE TIEMPO"))) -> A TIEMPO
A57: YEPES OBANDO JUNIOR ESTEBAN | B57: AUXILIAR DE COCINA | C57: CONTRATADO | D57: 46042 | E57: ANGIE | F57: 46031 | G57: TESORO | H57: MARISOL ECHEVERRIA GARCIA | I57: AUXILIAR | J57: RENUNCIA | K57: {=IF(OR($B57="",$F57=""),"",WORKDAY.INTL(IF(ISNUMBER($F57),$F57,FECHA.VALOR($F57)),IF(UPPER(TRIM($B57))="AUXILIAR DE COCINA",10,15),1,FESTIVOS!$A$3:$A$1000))} -> 46048 | L57: =IF($F58="","",DATE( YEAR(EDATE($F58,IF(DAY($F58)>=IF(UPPER(TRIM($B58))="AUXILIAR DE COCINA",17,11),1,0))), MONTH(EDATE($F58,IF(DAY($F58)>=IF(UPPER(TRIM($B58))="AUXILIAR DE COCINA",17,11),1,0))), 1 )) -> 46023 | M57: =IF($K57="","",IF(OR($D57="",$D57<$F57),"PENDIENTE",IF($D57<=$K57,"A TIEMPO","FUERA DE TIEMPO"))) -> A TIEMPO
A58: DANIELA ALEJANDRA FADUL URREA | B58: AUXILIAR DE COCINA | C58: CONTRATADO | D58: 46045 | E58: ANGIE | F58: 46031 | G58: MAYORCA 2 | H58: GENES IGLESIA OBIS JHOAN | I58: AUXILIAR | J58: RENUNCIA | K58: {=IF(OR($B58="",$F58=""),"",WORKDAY.INTL(IF(ISNUMBER($F58),$F58,FECHA.VALOR($F58)),IF(UPPER(TRIM($B58))="AUXILIAR DE COCINA",10,15),1,FESTIVOS!$A$3:$A$1000))} -> 46048 | L58: =IF($F59="","",DATE( YEAR(EDATE($F59,IF(DAY($F59)>=IF(UPPER(TRIM($B59))="AUXILIAR DE COCINA",17,11),1,0))), MONTH(EDATE($F59,IF(DAY($F59)>=IF(UPPER(TRIM($B59))="AUXILIAR DE COCINA",17,11),1,0))), 1 )) -> 46054 | M58: =IF($K58="","",IF(OR($D58="",$D58<$F58),"PENDIENTE",IF($D58<=$K58,"A TIEMPO","FUERA DE TIEMPO"))) -> A TIEMPO
A59: MARIA FERNANDA SALES OROZCO | B59: AUXILIAR DE SERVICIO | C59: CONTRATADO | D59: 46051 | E59: ANGIE | F59: 46042 | H59: HEREDIA ZUÑIGA MARIA CAMILA | K59: {=IF(OR($B59="",$F59=""),"",WORKDAY.INTL(IF(ISNUMBER($F59),$F59,FECHA.VALOR($F59)),IF(UPPER(TRIM($B59))="AUXILIAR DE COCINA",10,15),1,FESTIVOS!$A$3:$A$1000))} -> 46063 | L59: =IF($F60="","",DATE( YEAR(EDATE($F60,IF(DAY($F60)>=IF(UPPER(TRIM($B60))="AUXILIAR DE COCINA",17,11),1,0))), MONTH(EDATE($F60,IF(DAY($F60)>=IF(UPPER(TRIM($B60))="AUXILIAR DE COCINA",17,11),1,0))), 1 )) -> 46023 | M59: =IF($K59="","",IF(OR($D59="",$D59<$F59),"PENDIENTE",IF($D59<=$K59,"A TIEMPO","FUERA DE TIEMPO"))) -> A TIEMPO
A60: YEISON DAVID RIVERA GIRALDO | B60: AUXILIAR DE COCINA | C60: CONTRATADO | D60: 46045 | E60: ANGIE | F60: 46031 | G60: VIVA ENVIGADO | H60: GUIPE GARCÍA KARELIS DEL JESUS | I60: AUXILIAR | J60: RENUNCIA | K60: {=IF(OR($B60="",$F60=""),"",WORKDAY.INTL(IF(ISNUMBER($F60),$F60,FECHA.VALOR($F60)),IF(UPPER(TRIM($B60))="AUXILIAR DE COCINA",10,15),1,FESTIVOS!$A$3:$A$1000))} -> 46048 | L60: =IF($F61="","",DATE( YEAR(EDATE($F61,IF(DAY($F61)>=IF(UPPER(TRIM($B61))="AUXILIAR DE COCINA",17,11),1,0))), MONTH(EDATE($F61,IF(DAY($F61)>=IF(UPPER(TRIM($B61))="AUXILIAR DE COCINA",17,11),1,0))), 1 )) -> 46023 | M60: =IF($K60="","",IF(OR($D60="",$D60<$F60),"PENDIENTE",IF($D60<=$K60,"A TIEMPO","FUERA DE TIEMPO"))) -> A TIEMPO
A61: YUDY ANDREA URIBE URREGO | B61: AUXILIAR DE COCINA | C61: CONTRATADO | D61: 46043 | E61: ANGIE | F61: 46031 | G61: VIVA ENVIGADO | H61: DIEGO ALONSO OCAMPO YEPES | I61: AUXILIAR | J61: RENUNCIA | K61: {=IF(OR($B61="",$F61=""),"",WORKDAY.INTL(IF(ISNUMBER($F61),$F61,FECHA.VALOR($F61)),IF(UPPER(TRIM($B61))="AUXILIAR DE COCINA",10,15),1,FESTIVOS!$A$3:$A$1000))} -> 46048 | L61: =IF($F62="","",DATE( YEAR(EDATE($F62,IF(DAY($F62)>=IF(UPPER(TRIM($B62))="AUXILIAR DE COCINA",17,11),1,0))), MONTH(EDATE($F62,IF(DAY($F62)>=IF(UPPER(TRIM($B62))="AUXILIAR DE COCINA",17,11),1,0))), 1 )) -> 46023 | M61: =IF($K61="","",IF(OR($D61="",$D61<$F61),"PENDIENTE",IF($D61<=$K61,"A TIEMPO","FUERA DE TIEMPO"))) -> A TIEMPO
A62: GISELA MARIA VALERO SIERRA | B62: AUXILIAR DE COCINA | C62: CONTRATADO | D62: 46050 | E62: ANGIE | F62: 46035 | G62: VEGAS PLAZA | H62: MUÑOZ ZAPATA NELLY | I62: AUXILIAR | J62: RENUNCIA | K62: {=IF(OR($B62="",$F62=""),"",WORKDAY.INTL(IF(ISNUMBER($F62),$F62,FECHA.VALOR($F62)),IF(UPPER(TRIM($B62))="AUXILIAR DE COCINA",10,15),1,FESTIVOS!$A$3:$A$1000))} -> 46049 | L62: =IF(#REF!="","",DATE( YEAR(EDATE(#REF!,IF(DAY(#REF!)>=IF(UPPER(TRIM(#REF!))="AUXILIAR DE COCINA",17,11),1,0))), MONTH(EDATE(#REF!,IF(DAY(#REF!)>=IF(UPPER(TRIM(#REF!))="AUXILIAR DE COCINA",17,11),1,0))), 1 )) -> #REF! | M62: =IF($K62="","",IF(OR($D62="",$D62<$F62),"PENDIENTE",IF($D62<=$K62,"A TIEMPO","FUERA DE TIEMPO"))) -> FUERA DE TIEMPO
A63: ANYELIZ ELIANA MAZO RUIZ | B63: AUXILIAR DE COCINA | C63: CONTRATADO | D63: 46050 | E63: ANGIE | F63: 46044 | G63: PUERTA DEL NORTE | H63: YOINER DAVID LARA | I63: AUXILIAR | J63: RENUNCIA | K63: {=IF(OR($B63="",$F63=""),"",WORKDAY.INTL(IF(ISNUMBER($F63),$F63,FECHA.VALOR($F63)),IF(UPPER(TRIM($B63))="AUXILIAR DE COCINA",10,15),1,FESTIVOS!$A$3:$A$1000))} -> 46058 | L63: =IF($F64="","",DATE( YEAR(EDATE($F64,IF(DAY($F64)>=IF(UPPER(TRIM($B64))="AUXILIAR DE COCINA",17,11),1,0))), MONTH(EDATE($F64,IF(DAY($F64)>=IF(UPPER(TRIM($B64))="AUXILIAR DE COCINA",17,11),1,0))), 1 )) -> 46054 | M63: =IF($K63="","",IF(OR($D63="",$D63<$F63),"PENDIENTE",IF($D63<=$K63,"A TIEMPO","FUERA DE TIEMPO"))) -> A TIEMPO
A64: CARLOS MARIO ARRIETA | B64: AUXILIAR DE COCINA | C64: CONTRATADO | D64: 46050 | E64: ANGIE | F64: 46044 | G64: SANTA FE | H64: LUZ FANNY JIMENEZ MESA | I64: AUXILIAR | J64: RENUNCIA | K64: {=IF(OR($B64="",$F64=""),"",WORKDAY.INTL(IF(ISNUMBER($F64),$F64,FECHA.VALOR($F64)),IF(UPPER(TRIM($B64))="AUXILIAR DE COCINA",10,15),1,FESTIVOS!$A$3:$A$1000))} -> 46058 | L64: =IF($F65="","",DATE( YEAR(EDATE($F65,IF(DAY($F65)>=IF(UPPER(TRIM($B65))="AUXILIAR DE COCINA",17,11),1,0))), MONTH(EDATE($F65,IF(DAY($F65)>=IF(UPPER(TRIM($B65))="AUXILIAR DE COCINA",17,11),1,0))), 1 )) -> 46054 | M64: =IF($K64="","",IF(OR($D64="",$D64<$F64),"PENDIENTE",IF($D64<=$K64,"A TIEMPO","FUERA DE TIEMPO"))) -> A TIEMPO
A65: SOBEIDA MARIMON MARTINEZ | B65: AUXILIAR DE COCINA | C65: CONTRATADO | D65: 46050 | E65: ANGIE | F65: 46048 | G65: VIVA LAURELES | H65: RODRIGUEZ PEREZ CARLOS EDUARDO | I65: AUXILIAR | J65: RENUNCIA | K65: {=IF(OR($B65="",$F65=""),"",WORKDAY.INTL(IF(ISNUMBER($F65),$F65,FECHA.VALOR($F65)),IF(UPPER(TRIM($B65))="AUXILIAR DE COCINA",10,15),1,FESTIVOS!$A$3:$A$1000))} -> 46062 | L65: =IF($F66="","",DATE( YEAR(EDATE($F66,IF(DAY($F66)>=IF(UPPER(TRIM($B66))="AUXILIAR DE COCINA",17,11),1,0))), MONTH(EDATE($F66,IF(DAY($F66)>=IF(UPPER(TRIM($B66))="AUXILIAR DE COCINA",17,11),1,0))), 1 )) -> 46054 | M65: =IF($K65="","",IF(OR($D65="",$D65<$F65),"PENDIENTE",IF($D65<=$K65,"A TIEMPO","FUERA DE TIEMPO"))) -> A TIEMPO
A66: DUVAN ENRIQUE MARRUGO MEDINA | B66: AUXILIAR DE COCINA | C66: CONTRATADO | D66: 46052 | E66: ANGIE | F66: 46048 | G66: PREMIUM PLAZA | H66: YANETH MARICEL FERNANDEZ SANCHEZ | I66: AUXILIAR | J66: RENUNCIA | K66: {=IF(OR($B66="",$F66=""),"",WORKDAY.INTL(IF(ISNUMBER($F66),$F66,FECHA.VALOR($F66)),IF(UPPER(TRIM($B66))="AUXILIAR DE COCINA",10,15),1,FESTIVOS!$A$3:$A$1000))} -> 46062 | L66: =IF($F67="","",DATE( YEAR(EDATE($F67,IF(DAY($F67)>=IF(UPPER(TRIM($B67))="AUXILIAR DE COCINA",17,11),1,0))), MONTH(EDATE($F67,IF(DAY($F67)>=IF(UPPER(TRIM($B67))="AUXILIAR DE COCINA",17,11),1,0))), 1 )) -> 46054 | M66: =IF($K66="","",IF(OR(#REF!="",#REF!<$F66),"PENDIENTE",IF(#REF!<=$K66,"A TIEMPO","FUERA DE TIEMPO"))) -> #REF!
A67: MILLERLAY HEREDIA GONZALES | B67: AUXILIAR DE COCINA | C67: CONTRATADO | D67: 46052 | E67: ANGIE | F67: 46048 | G67: PUERTA DEL NORTE | H67: YOINER DAVID LARA | I67: AUXILIAR | J67: RENUNCIA | K67: {=IF(OR($B67="",$F67=""),"",WORKDAY.INTL(IF(ISNUMBER($F67),$F67,FECHA.VALOR($F67)),IF(UPPER(TRIM($B67))="AUXILIAR DE COCINA",10,15),1,FESTIVOS!$A$3:$A$1000))} -> 46062 | L67: =IF($F68="","",DATE( YEAR(EDATE($F68,IF(DAY($F68)>=IF(UPPER(TRIM($B68))="AUXILIAR DE COCINA",17,11),1,0))), MONTH(EDATE($F68,IF(DAY($F68)>=IF(UPPER(TRIM($B68))="AUXILIAR DE COCINA",17,11),1,0))), 1 )) -> 46054 | M67: =IF($K67="","",IF(OR($D66="",$D66<$F67),"PENDIENTE",IF($D66<=$K67,"A TIEMPO","FUERA DE TIEMPO"))) -> A TIEMPO
A68: JAIR ALEXANDER PAMPLONA PATIÑO | B68: AUXILIAR DE COCINA | C68: CONTRATADO | D68: 46052 | E68: ANGIE | F68: 46048 | G68: OVIEDO | H68: LUZ FANNY JIMENEZ MESA | I68: AUXILIAR | J68: RENUNCIA | K68: {=IF(OR($B68="",$F68=""),"",WORKDAY.INTL(IF(ISNUMBER($F68),$F68,FECHA.VALOR($F68)),IF(UPPER(TRIM($B68))="AUXILIAR DE COCINA",10,15),1,FESTIVOS!$A$3:$A$1000))} -> 46062 | L68: =IF($F69="","",DATE( YEAR(EDATE($F69,IF(DAY($F69)>=IF(UPPER(TRIM($B69))="AUXILIAR DE COCINA",17,11),1,0))), MONTH(EDATE($F69,IF(DAY($F69)>=IF(UPPER(TRIM($B69))="AUXILIAR DE COCINA",17,11),1,0))), 1 )) -> 46054 | M68: =IF($K68="","",IF(OR($D67="",$D67<$F68),"PENDIENTE",IF($D67<=$K68,"A TIEMPO","FUERA DE TIEMPO"))) -> A TIEMPO
A69: ANGIE LUCIA PIEDRAHITA RODRIGUEZ | B69: AUXILIAR DE COCINA | C69: CONTRATADO | D69: 46057 | E69: ANGIE | F69: 46048 | G69: UNICENTRO | H69: YUDY NATALIA FLOREZ | I69: AUXILIAR | J69: RENUNCIA | K69: {=IF(OR($B69="",$F69=""),"",WORKDAY.INTL(IF(ISNUMBER($F69),$F69,FECHA.VALOR($F69)),IF(UPPER(TRIM($B69))="AUXILIAR DE COCINA",10,15),1,FESTIVOS!$A$3:$A$1000))} -> 46062 | L69: =IF($F70="","",DATE( YEAR(EDATE($F70,IF(DAY($F70)>=IF(UPPER(TRIM($B70))="AUXILIAR DE COCINA",17,11),1,0))), MONTH(EDATE($F70,IF(DAY($F70)>=IF(UPPER(TRIM($B70))="AUXILIAR DE COCINA",17,11),1,0))), 1 )) -> 46054 | M69: =IF($K69="","",IF(OR($D68="",$D68<$F69),"PENDIENTE",IF($D68<=$K69,"A TIEMPO","FUERA DE TIEMPO"))) -> A TIEMPO
A70: =UPPER("Samuel Acevedo Vasquez") -> SAMUEL ACEVEDO VASQUEZ | B70: AUXILIAR DE COCINA | C70: CONTRATADO | D70: 46057 | E70: ANGIE | F70: 46048 | G70: EL TESORO | H70: ALEJANDRA MARIA SUAREZ AVALOS | I70: AUXILIAR | J70: RENUNCIA | K70: {=IF(OR($B70="",$F70=""),"",WORKDAY.INTL(IF(ISNUMBER($F70),$F70,FECHA.VALOR($F70)),IF(UPPER(TRIM($B70))="AUXILIAR DE COCINA",10,15),1,FESTIVOS!$A$3:$A$1000))} -> 46062 | L70: =IF($F71="","",DATE( YEAR(EDATE($F71,IF(DAY($F71)>=IF(UPPER(TRIM($B71))="AUXILIAR DE COCINA",17,11),1,0))), MONTH(EDATE($F71,IF(DAY($F71)>=IF(UPPER(TRIM($B71))="AUXILIAR DE COCINA",17,11),1,0))), 1 )) -> 46054 | M70: =IF($K70="","",IF(OR($D70="",$D70<$F70),"PENDIENTE",IF($D70<=$K70,"A TIEMPO","FUERA DE TIEMPO"))) -> A TIEMPO
A71: SORGEIDY CAROLINA PARELES MILIANO | B71: AUXILIAR DE COCINA | C71: CONTRATADO | E71: ANGIE | F71: 46048 | G71: SANTA FE | H71: LEIDY LICETH SERNA PEÑA | I71: AUXILIAR | J71: RENUNCIA | K71: {=IF(OR($B71="",$F71=""),"",WORKDAY.INTL(IF(ISNUMBER($F71),$F71,FECHA.VALOR($F71)),IF(UPPER(TRIM($B71))="AUXILIAR DE COCINA",10,15),1,FESTIVOS!$A$3:$A$1000))} -> 46062 | L71: =IF($F72="","",DATE( YEAR(EDATE($F72,IF(DAY($F72)>=IF(UPPER(TRIM($B72))="AUXILIAR DE COCINA",17,11),1,0))), MONTH(EDATE($F72,IF(DAY($F72)>=IF(UPPER(TRIM($B72))="AUXILIAR DE COCINA",17,11),1,0))), 1 )) -> 46054 | M71: =IF($K71="","",IF(OR($D71="",$D71<$F71),"PENDIENTE",IF($D71<=$K71,"A TIEMPO","FUERA DE TIEMPO"))) -> FUERA DE TIEMPO
A72: YARILUZ CHIQUINQUIRA ATENCIO MORA | B72: AUXILIAR DE COCINA | C72: CONTRATADO | D72: 46059 | E72: ANGIE | F72: 46048 | G72: VEGAS PLAZA | H72: MUÑOZ ZAPATA NELLY | I72: AUXILIAR | J72: RENUNCIA | K72: {=IF(OR($B72="",$F72=""),"",WORKDAY.INTL(IF(ISNUMBER($F72),$F72,FECHA.VALOR($F72)),IF(UPPER(TRIM($B72))="AUXILIAR DE COCINA",10,15),1,FESTIVOS!$A$3:$A$1000))} -> 46062 | L72: =IF($F73="","",DATE( YEAR(EDATE($F73,IF(DAY($F73)>=IF(UPPER(TRIM($B73))="AUXILIAR DE COCINA",17,11),1,0))), MONTH(EDATE($F73,IF(DAY($F73)>=IF(UPPER(TRIM($B73))="AUXILIAR DE COCINA",17,11),1,0))), 1 )) -> 46054 | M72: =IF($K72="","",IF(OR($D72="",$D72<$F72),"PENDIENTE",IF($D72<=$K72,"A TIEMPO","FUERA DE TIEMPO"))) -> A TIEMPO
A73: YENIS YESID PINO CUESTA | B73: AUXILIAR DE COCINA | C73: CONTRATADO | D73: 46059 | E73: ANGIE | F73: 46048 | G73: LEDY ATEHORTUA | H73: LILIAM YISETH ROMERO BARBOZA | I73: AUXILIAR | J73: RENUNCIA | K73: {=IF(OR($B73="",$F73=""),"",WORKDAY.INTL(IF(ISNUMBER($F73),$F73,FECHA.VALOR($F73)),IF(UPPER(TRIM($B73))="AUXILIAR DE COCINA",10,15),1,FESTIVOS!$A$3:$A$1000))} -> 46062 | L73: =IF($F74="","",DATE( YEAR(EDATE($F74,IF(DAY($F74)>=IF(UPPER(TRIM($B74))="AUXILIAR DE COCINA",17,11),1,0))), MONTH(EDATE($F74,IF(DAY($F74)>=IF(UPPER(TRIM($B74))="AUXILIAR DE COCINA",17,11),1,0))), 1 )) -> 46054 | M73: =IF($K73="","",IF(OR($D73="",$D73<$F73),"PENDIENTE",IF($D73<=$K73,"A TIEMPO","FUERA DE TIEMPO"))) -> A TIEMPO
A74: SANTIAGO MONTOYA GALEANO | B74: AUXILIAR DE COCINA | C74: CONTRATADO | D74: 46059 | E74: ANGIE | F74: 46057 | G74: ANGIE | H74: LUISA FERNANDA PEREZ DIAZ | I74: AUXILIAR | J74: RENUNCIA | K74: {=IF(OR($B74="",$F74=""),"",WORKDAY.INTL(IF(ISNUMBER($F74),$F74,FECHA.VALOR($F74)),IF(UPPER(TRIM($B74))="AUXILIAR DE COCINA",10,15),1,FESTIVOS!$A$3:$A$1000))} -> 46071 | L74: =IF($F75="","",DATE( YEAR(EDATE($F75,IF(DAY($F75)>=IF(UPPER(TRIM($B75))="AUXILIAR DE COCINA",17,11),1,0))), MONTH(EDATE($F75,IF(DAY($F75)>=IF(UPPER(TRIM($B75))="AUXILIAR DE COCINA",17,11),1,0))), 1 )) -> 46054 | M74: =IF($K74="","",IF(OR($D74="",$D74<$F74),"PENDIENTE",IF($D74<=$K74,"A TIEMPO","FUERA DE TIEMPO"))) -> A TIEMPO
A75: CARLOS ANDRES LONDOÑO CARVAJAL | B75: AUXILIAR DE COCINA | C75: CONTRATADO | D75: 46059 | E75: ANGIE | F75: 46057 | G75: ANGIE | H75: SIERRA GAMBOA YEN ESTELA | I75: PERFIL | J75: RENUNCIA | K75: {=IF(OR($B75="",$F75=""),"",WORKDAY.INTL(IF(ISNUMBER($F75),$F75,FECHA.VALOR($F75)),IF(UPPER(TRIM($B75))="AUXILIAR DE COCINA",10,15),1,FESTIVOS!$A$3:$A$1000))} -> 46071 | L75: =IF(#REF!="","",DATE( YEAR(EDATE(#REF!,IF(DAY(#REF!)>=IF(UPPER(TRIM(#REF!))="AUXILIAR DE COCINA",17,11),1,0))), MONTH(EDATE(#REF!,IF(DAY(#REF!)>=IF(UPPER(TRIM(#REF!))="AUXILIAR DE COCINA",17,11),1,0))), 1 )) -> #REF! | M75: =IF($K75="","",IF(OR($D75="",$D75<$F75),"PENDIENTE",IF($D75<=$K75,"A TIEMPO","FUERA DE TIEMPO"))) -> A TIEMPO
A76: KERLY CRUZ | B76: AUXILIAR DE COCINA | C76: CONTRATADO | D76: 46058 | E76: ANGIE | F76: 46057 | G76: ANGIE HIGUITA | H76: MANUELA SERNA VARGAS (MEDIO TIEMPO) | I76: AUXILIAR | J76: RENUNCIA | K76: {=IF(OR($B76="",$F76=""),"",WORKDAY.INTL(IF(ISNUMBER($F76),$F76,FECHA.VALOR($F76)),IF(UPPER(TRIM($B76))="AUXILIAR DE COCINA",10,15),1,FESTIVOS!$A$3:$A$1000))} -> 46071 | L76: =IF($F204="","",DATE( YEAR(EDATE($F204,IF(DAY($F204)>=IF(UPPER(TRIM(#REF!))="AUXILIAR DE COCINA",17,11),1,0))), MONTH(EDATE($F204,IF(DAY($F204)>=IF(UPPER(TRIM(#REF!))="AUXILIAR DE COCINA",17,11),1,0))), 1 )) -> #REF! | M76: =IF($K76="","",IF(OR($D76="",$D76<$F76),"PENDIENTE",IF($D76<=$K76,"A TIEMPO","FUERA DE TIEMPO"))) -> A TIEMPO
A77: YULY MORENO | B77: AUXILIAR DE COCINA | C77: CONTRATADO | D77: 46060 | E77: ANGIE | F77: 46057 | G77: EYNER | H77: LUISA FERNANDA PEREZ DIAZ | I77: AUXILIAR | J77: RENUNCIA | K77: {=IF(OR($B77="",$F77=""),"",WORKDAY.INTL(IF(ISNUMBER($F77),$F77,FECHA.VALOR($F77)),IF(UPPER(TRIM($B77))="AUXILIAR DE COCINA",10,15),1,FESTIVOS!$A$3:$A$1000))} -> 46071 | L77: =IF($F78="","",DATE( YEAR(EDATE($F78,IF(DAY($F78)>=IF(UPPER(TRIM($B78))="AUXILIAR DE COCINA",17,11),1,0))), MONTH(EDATE($F78,IF(DAY($F78)>=IF(UPPER(TRIM($B78))="AUXILIAR DE COCINA",17,11),1,0))), 1 )) -> 46054 | M77: =IF($K77="","",IF(OR($D77="",$D77<$F77),"PENDIENTE",IF($D77<=$K77,"A TIEMPO","FUERA DE TIEMPO"))) -> A TIEMPO
A78: SHIRLY DEL CARMEN UPARELA GARRIDO | B78: AUXILIAR DE COCINA | C78: CONTRATADO | D78: 46064 | E78: ANGIE | F78: 46062 | G78: EYNER | H78: LUISA FERNANDA PEREZ DIAZ | I78: AUXILIAR | J78: RENUNCIA | K78: {=IF(OR($B78="",$F78=""),"",WORKDAY.INTL(IF(ISNUMBER($F78),$F78,FECHA.VALOR($F78)),IF(UPPER(TRIM($B78))="AUXILIAR DE COCINA",10,15),1,FESTIVOS!$A$3:$A$1000))} -> 46076 | L78: =IF($F79="","",DATE( YEAR(EDATE($F79,IF(DAY($F79)>=IF(UPPER(TRIM($B79))="AUXILIAR DE COCINA",17,11),1,0))), MONTH(EDATE($F79,IF(DAY($F79)>=IF(UPPER(TRIM($B79))="AUXILIAR DE COCINA",17,11),1,0))), 1 )) -> 46054 | M78: =IF($K78="","",IF(OR($D78="",$D78<$F78),"PENDIENTE",IF($D78<=$K78,"A TIEMPO","FUERA DE TIEMPO"))) -> A TIEMPO
A79: MARIANA COLORADO | B79: AUXILIAR DE COCINA | C79: CONTRATADO | D79: 46064 | E79: ANGIE | F79: 46062 | G79: LEDY ATEHORTUA | H79: SIERRA GAMBOA YEN ESTELA | I79: AUXILIAR | J79: RENUNCIA | K79: {=IF(OR($B79="",$F79=""),"",WORKDAY.INTL(IF(ISNUMBER($F79),$F79,FECHA.VALOR($F79)),IF(UPPER(TRIM($B79))="AUXILIAR DE COCINA",10,15),1,FESTIVOS!$A$3:$A$1000))} -> 46076 | L79: =IF($F204="","",DATE( YEAR(EDATE($F204,IF(DAY($F204)>=IF(UPPER(TRIM(#REF!))="AUXILIAR DE COCINA",17,11),1,0))), MONTH(EDATE($F204,IF(DAY($F204)>=IF(UPPER(TRIM(#REF!))="AUXILIAR DE COCINA",17,11),1,0))), 1 )) -> #REF! | M79: =IF($K79="","",IF(OR($D79="",$D79<$F79),"PENDIENTE",IF($D79<=$K79,"A TIEMPO","FUERA DE TIEMPO"))) -> A TIEMPO
A80: FUENTES NARANJO NICK MICHEL | B80: AUXILIAR DE COCINA | C80: CONTRATADO | D80: 46070 | E80: NACARI | F80: 46062 | G80: ELDA PALACIO | H80: JUAN ANDRES MONTOYA CAÑAVERAL | I80: AUXILIAR | J80: RENUNCIA | K80: {=IF(OR($B80="",$F80=""),"",WORKDAY.INTL(IF(ISNUMBER($F80),$F80,FECHA.VALOR($F80)),IF(UPPER(TRIM($B80))="AUXILIAR DE COCINA",10,15),1,FESTIVOS!$A$3:$A$1000))} -> 46076 | L80: =IF($F81="","",DATE( YEAR(EDATE($F81,IF(DAY($F81)>=IF(UPPER(TRIM($B81))="AUXILIAR DE COCINA",17,11),1,0))), MONTH(EDATE($F81,IF(DAY($F81)>=IF(UPPER(TRIM($B81))="AUXILIAR DE COCINA",17,11),1,0))), 1 )) -> 46054 | M80: =IF($K80="","",IF(OR($D80="",$D80<$F80),"PENDIENTE",IF($D80<=$K80,"A TIEMPO","FUERA DE TIEMPO"))) -> A TIEMPO
A81: YUSELYS ORTIZ RODRIGUEZ | B81: AUXILIAR DE COCINA | C81: CONTRATADO | D81: 46064 | E81: NACARI | F81: 46062 | G81: NACARI | H81: JEFERSON JARAMILLO BORJA | I81: AUXILIAR | J81: RENUNCIA | K81: {=IF(OR($B81="",$F81=""),"",WORKDAY.INTL(IF(ISNUMBER($F81),$F81,FECHA.VALOR($F81)),IF(UPPER(TRIM($B81))="AUXILIAR DE COCINA",10,15),1,FESTIVOS!$A$3:$A$1000))} -> 46076 | L81: =IF($F82="","",DATE( YEAR(EDATE($F82,IF(DAY($F82)>=IF(UPPER(TRIM($B82))="AUXILIAR DE COCINA",17,11),1,0))), MONTH(EDATE($F82,IF(DAY($F82)>=IF(UPPER(TRIM($B82))="AUXILIAR DE COCINA",17,11),1,0))), 1 )) -> 46054 | M81: =IF($K81="","",IF(OR($D81="",$D81<$F81),"PENDIENTE",IF($D81<=$K81,"A TIEMPO","FUERA DE TIEMPO"))) -> A TIEMPO
A82: MIK SAYK PAZ GOMEZ | B82: AUXILIAR DE COCINA | C82: CONTRATADO | D82: 46064 | E82: LEDY ATEHORTUA | F82: 46062 | G82: ELDA PALACIO | H82: BAILARIN LANA MARIA JOVITA | I82: AUXILIAR | J82: RENUNCIA | K82: {=IF(OR($B82="",$F82=""),"",WORKDAY.INTL(IF(ISNUMBER($F82),$F82,FECHA.VALOR($F82)),IF(UPPER(TRIM($B82))="AUXILIAR DE COCINA",10,15),1,FESTIVOS!$A$3:$A$1000))} -> 46076 | L82: =IF($F83="","",DATE( YEAR(EDATE($F83,IF(DAY($F83)>=IF(UPPER(TRIM($B83))="AUXILIAR DE COCINA",17,11),1,0))), MONTH(EDATE($F83,IF(DAY($F83)>=IF(UPPER(TRIM($B83))="AUXILIAR DE COCINA",17,11),1,0))), 1 )) -> 46054 | M82: =IF($K82="","",IF(OR($D82="",$D82<$F82),"PENDIENTE",IF($D82<=$K82,"A TIEMPO","FUERA DE TIEMPO"))) -> A TIEMPO
A83: MARSIRIS ESTRADA FERNANDEZ | B83: AUXILIAR DE COCINA | C83: CONTRATADO | D83: 46064 | E83: ELDA PALACIO | F83: 46065 | G83: EYNER | H83: GONZALES SEGURO DANIEL | I83: PERFIL | J83: RENUNCIA | K83: {=IF(OR($B83="",$F83=""),"",WORKDAY.INTL(IF(ISNUMBER($F83),$F83,FECHA.VALOR($F83)),IF(UPPER(TRIM($B83))="AUXILIAR DE COCINA",10,15),1,FESTIVOS!$A$3:$A$1000))} -> 46079 | L83: =IF($F204="","",DATE( YEAR(EDATE($F204,IF(DAY($F204)>=IF(UPPER(TRIM(#REF!))="AUXILIAR DE COCINA",17,11),1,0))), MONTH(EDATE($F204,IF(DAY($F204)>=IF(UPPER(TRIM(#REF!))="AUXILIAR DE COCINA",17,11),1,0))), 1 )) -> #REF! | M83: =IF($K83="","",IF(OR($D83="",$D83<$F83),"PENDIENTE",IF($D83<=$K83,"A TIEMPO","FUERA DE TIEMPO"))) -> PENDIENTE
A84: DANIEL GARCIA | B84: AUXILIAR DE COCINA | C84: CONTRATADO | D84: 46064 | E84: PADILLA | F84: 46065 | G84: LEGARDA | H84: OSPINO MOSQUERA VALERIA | I84: AUXILIAR | J84: TERMINACION DE CT | K84: {=IF(OR($B84="",$F84=""),"",WORKDAY.INTL(IF(ISNUMBER($F84),$F84,FECHA.VALOR($F84)),IF(UPPER(TRIM($B84))="AUXILIAR DE COCINA",10,15),1,FESTIVOS!$A$3:$A$1000))} -> 46079 | L84: =IF($F94="","",DATE( YEAR(EDATE($F94,IF(DAY($F94)>=IF(UPPER(TRIM($B95))="AUXILIAR DE COCINA",17,11),1,0))), MONTH(EDATE($F94,IF(DAY($F94)>=IF(UPPER(TRIM($B95))="AUXILIAR DE COCINA",17,11),1,0))), 1 )) -> 46082 | M84: =IF($K84="","",IF(OR($D84="",$D84<$F84),"PENDIENTE",IF($D84<=$K84,"A TIEMPO","FUERA DE TIEMPO"))) -> PENDIENTE
A85: NATALY OROZCO MELENDEZ | B85: AUXILIAR DE COCINA | C85: CONTRATADO | D85: 46066 | E85: ELDA PALACIO | F85: 46065 | H85: MARIA DE LOS ANGELES GUERRERO | I85: AUXILIAR | J85: RENUNCIA | K85: {=IF(OR($B85="",$F85=""),"",WORKDAY.INTL(IF(ISNUMBER($F85),$F85,FECHA.VALOR($F85)),IF(UPPER(TRIM($B85))="AUXILIAR DE COCINA",10,15),1,FESTIVOS!$A$3:$A$1000))} -> 46079 | L85: =IF($F86="","",DATE( YEAR(EDATE($F86,IF(DAY($F86)>=IF(UPPER(TRIM($B86))="AUXILIAR DE COCINA",17,11),1,0))), MONTH(EDATE($F86,IF(DAY($F86)>=IF(UPPER(TRIM($B86))="AUXILIAR DE COCINA",17,11),1,0))), 1 )) -> 46054 | M85: =IF($K85="","",IF(OR($D85="",$D85<$F85),"PENDIENTE",IF($D85<=$K85,"A TIEMPO","FUERA DE TIEMPO"))) -> A TIEMPO
A86: SAMUEL CASTRILLON AMAYA | B86: AUXILIAR DE COCINA | C86: CONTRATADO | D86: 46078 | E86: PADILLA | F86: 46069 | H86: ANDRES FELIPE RODRIGUEZ ALVAREZ | I86: AUXILIAR | J86: RENUNCIA | K86: {=IF(OR($B86="",$F86=""),"",WORKDAY.INTL(IF(ISNUMBER($F86),$F86,FECHA.VALOR($F86)),IF(UPPER(TRIM($B86))="AUXILIAR DE COCINA",10,15),1,FESTIVOS!$A$3:$A$1000))} -> 46083 | L86: =IF($F87="","",DATE( YEAR(EDATE($F87,IF(DAY($F87)>=IF(UPPER(TRIM($B87))="AUXILIAR DE COCINA",17,11),1,0))), MONTH(EDATE($F87,IF(DAY($F87)>=IF(UPPER(TRIM($B87))="AUXILIAR DE COCINA",17,11),1,0))), 1 )) -> 46054 | M86: =IF($K86="","",IF(OR($D86="",$D86<$F86),"PENDIENTE",IF($D86<=$K86,"A TIEMPO","FUERA DE TIEMPO"))) -> A TIEMPO
A87: ANDREA CAROLINA VILLAREAL | B87: AUXILIAR DE COCINA | C87: CONTRATADO | D87: 46078 | E87: ELDA PALACIO | F87: 46069 | H87: KIRA ESPERANZA RUIZ AYALA | I87: AUXILIAR | J87: RENUNCIA | K87: {=IF(OR($B87="",$F87=""),"",WORKDAY.INTL(IF(ISNUMBER($F87),$F87,FECHA.VALOR($F87)),IF(UPPER(TRIM($B87))="AUXILIAR DE COCINA",10,15),1,FESTIVOS!$A$3:$A$1000))} -> 46083 | L87: =IF($F88="","",DATE( YEAR(EDATE($F88,IF(DAY($F88)>=IF(UPPER(TRIM($B88))="AUXILIAR DE COCINA",17,11),1,0))), MONTH(EDATE($F88,IF(DAY($F88)>=IF(UPPER(TRIM($B88))="AUXILIAR DE COCINA",17,11),1,0))), 1 )) -> 46054 | M87: =IF($K87="","",IF(OR($D87="",$D87<$F87),"PENDIENTE",IF($D87<=$K87,"A TIEMPO","FUERA DE TIEMPO"))) -> A TIEMPO
A88: JEAN PAUL TAMAYO LOPEZ | B88: AUXILIAR DE COCINA | C88: CONTRATADO | D88: 46078 | E88: XAVI | F88: 46069 | H88: RAMOS LUGO WILLIAM GUILLERMO | I88: AUXILIAR | J88: RENUNCIA | K88: {=IF(OR($B88="",$F88=""),"",WORKDAY.INTL(IF(ISNUMBER($F88),$F88,FECHA.VALOR($F88)),IF(UPPER(TRIM($B88))="AUXILIAR DE COCINA",10,15),1,FESTIVOS!$A$3:$A$1000))} -> 46083 | L88: =IF($F94="","",DATE( YEAR(EDATE($F94,IF(DAY($F94)>=IF(UPPER(TRIM($B95))="AUXILIAR DE COCINA",17,11),1,0))), MONTH(EDATE($F94,IF(DAY($F94)>=IF(UPPER(TRIM($B95))="AUXILIAR DE COCINA",17,11),1,0))), 1 )) -> 46082 | M88: =IF($K88="","",IF(OR($D88="",$D88<$F88),"PENDIENTE",IF($D88<=$K88,"A TIEMPO","FUERA DE TIEMPO"))) -> A TIEMPO
A89: EDWIN DAVID CASALLAS GRISALES | B89: AUXILIAR DE COCINA | C89: CONTRATADO | D89: 46078 | E89: NACARI | F89: 46069 | H89: YUDY ANDREA URIBE URREGO | I89: AUXILIAR | J89: RENUNCIA | K89: {=IF(OR($B89="",$F89=""),"",WORKDAY.INTL(IF(ISNUMBER($F89),$F89,FECHA.VALOR($F89)),IF(UPPER(TRIM($B89))="AUXILIAR DE COCINA",10,15),1,FESTIVOS!$A$3:$A$1000))} -> 46083 | L89: =IF($F90="","",DATE( YEAR(EDATE($F90,IF(DAY($F90)>=IF(UPPER(TRIM($B90))="AUXILIAR DE COCINA",17,11),1,0))), MONTH(EDATE($F90,IF(DAY($F90)>=IF(UPPER(TRIM($B90))="AUXILIAR DE COCINA",17,11),1,0))), 1 )) -> 46082 | M89: =IF($K89="","",IF(OR($D89="",$D89<$F89),"PENDIENTE",IF($D89<=$K89,"A TIEMPO","FUERA DE TIEMPO"))) -> A TIEMPO
A90: LUIS JEFERSON CORAL | B90: AUXILIAR DE COCINA | C90: CONTRATADO | D90: 46078 | E90: LEDY ATEHORTUA | F90: 46070 | H90: VARGAS CARRILLO YAN CARLOS | I90: APRENDIZ | J90: RENUNCIA | K90: {=IF(OR($B90="",$F90=""),"",WORKDAY.INTL(IF(ISNUMBER($F90),$F90,FECHA.VALOR($F90)),IF(UPPER(TRIM($B90))="AUXILIAR DE COCINA",10,15),1,FESTIVOS!$A$3:$A$1000))} -> 46084 | L90: =IF(#REF!="","",DATE( YEAR(EDATE(#REF!,IF(DAY(#REF!)>=IF(UPPER(TRIM(#REF!))="AUXILIAR DE COCINA",17,11),1,0))), MONTH(EDATE(#REF!,IF(DAY(#REF!)>=IF(UPPER(TRIM(#REF!))="AUXILIAR DE COCINA",17,11),1,0))), 1 )) -> #REF! | M90: =IF($K90="","",IF(OR($D90="",$D90<$F90),"PENDIENTE",IF($D90<=$K90,"A TIEMPO","FUERA DE TIEMPO"))) -> A TIEMPO
A91: JUAN JOSE RENDON | B91: AUXILIAR DE COCINA | C91: CONTRATADO | D91: 46078 | E91: XAVI | F91: 46070 | H91: PEREZ PERNETH JOSE DAVID | I91: JEFE | J91: TERMINACION DE CT | K91: {=IF(OR($B91="",$F91=""),"",WORKDAY.INTL(IF(ISNUMBER($F91),$F91,FECHA.VALOR($F91)),IF(UPPER(TRIM($B91))="AUXILIAR DE COCINA",10,15),1,FESTIVOS!$A$3:$A$1000))} -> 46084 | L91: =IF(#REF!="","",DATE( YEAR(EDATE(#REF!,IF(DAY(#REF!)>=IF(UPPER(TRIM(#REF!))="AUXILIAR DE COCINA",17,11),1,0))), MONTH(EDATE(#REF!,IF(DAY(#REF!)>=IF(UPPER(TRIM(#REF!))="AUXILIAR DE COCINA",17,11),1,0))), 1 )) -> #REF! | M91: =IF($K91="","",IF(OR($D91="",$D91<$F91),"PENDIENTE",IF($D91<=$K91,"A TIEMPO","FUERA DE TIEMPO"))) -> A TIEMPO
A92: ALEJANDRO ZAPATA PEREZ | B92: AUXILIAR DE COCINA | C92: CONTRATADO | D92: 46078 | E92: NACARI | F92: 46072 | H92: SHIRLEY DEL CARMEN UPARELA | I92: AUXILIAR | J92: TERMINACION DE CT | K92: {=IF(OR($B92="",$F92=""),"",WORKDAY.INTL(IF(ISNUMBER($F92),$F92,FECHA.VALOR($F92)),IF(UPPER(TRIM($B92))="AUXILIAR DE COCINA",10,15),1,FESTIVOS!$A$3:$A$1000))} -> 46086 | L92: =IF($F93="","",DATE( YEAR(EDATE($F93,IF(DAY($F93)>=IF(UPPER(TRIM($B93))="AUXILIAR DE COCINA",17,11),1,0))), MONTH(EDATE($F93,IF(DAY($F93)>=IF(UPPER(TRIM($B93))="AUXILIAR DE COCINA",17,11),1,0))), 1 )) -> 46082 | M92: =IF($K92="","",IF(OR($D92="",$D92<$F92),"PENDIENTE",IF($D92<=$K92,"A TIEMPO","FUERA DE TIEMPO"))) -> A TIEMPO
A93: SAMUEL MANJARREES POLO | B93: AUXILIAR DE COCINA | C93: CONTRATADO | D93: 46073 | E93: LEDY ATEHORTUA | F93: 46072 | H93: KELLI JHOANA BOLIVAR MONTERROZA | I93: PERFIL | K93: {=IF(OR($B93="",$F93=""),"",WORKDAY.INTL(IF(ISNUMBER($F93),$F93,FECHA.VALOR($F93)),IF(UPPER(TRIM($B93))="AUXILIAR DE COCINA",10,15),1,FESTIVOS!$A$3:$A$1000))} -> 46086 | L93: =IF(#REF!="","",DATE( YEAR(EDATE(#REF!,IF(DAY(#REF!)>=IF(UPPER(TRIM(#REF!))="AUXILIAR DE COCINA",17,11),1,0))), MONTH(EDATE(#REF!,IF(DAY(#REF!)>=IF(UPPER(TRIM(#REF!))="AUXILIAR DE COCINA",17,11),1,0))), 1 )) -> #REF! | M93: =IF($K93="","",IF(OR($D93="",$D93<$F93),"PENDIENTE",IF($D93<=$K93,"A TIEMPO","FUERA DE TIEMPO"))) -> A TIEMPO
A94: YUSANDRYS DIAZ LARIOS | B94: AUXILIAR DE COCINA | C94: CONTRATADO | D94: 46073 | E94: LEGARDA | F94: 46072 | H94: MARIA JOSE TRESPALACIOS | I94: AUXILIAR | J94: RENUNCIA | K94: {=IF(OR($B95="",$F94=""),"",WORKDAY.INTL(IF(ISNUMBER($F94),$F94,FECHA.VALOR($F94)),IF(UPPER(TRIM($B95))="AUXILIAR DE COCINA",10,15),1,FESTIVOS!$A$3:$A$1000))} -> 46086 | L94: =IF(#REF!="","",DATE( YEAR(EDATE(#REF!,IF(DAY(#REF!)>=IF(UPPER(TRIM(#REF!))="AUXILIAR DE COCINA",17,11),1,0))), MONTH(EDATE(#REF!,IF(DAY(#REF!)>=IF(UPPER(TRIM(#REF!))="AUXILIAR DE COCINA",17,11),1,0))), 1 )) -> #REF! | M94: =IF($K94="","",IF(OR($D95="",$D95<$F94),"PENDIENTE",IF($D95<=$K94,"A TIEMPO","FUERA DE TIEMPO"))) -> A TIEMPO
A95: MARIA CAMILA ZULUAGA GIRALDO | B95: AUXILIAR DE COCINA | C95: CONTRATADO | D95: 46073 | E95: NACARI | F95: 46078 | G95: OVIEDO | H95: GOMEZ RENDON ANGIE VALENTINA | I95: PERFIL | J95: RENUNCIA
A96: ELIAN DAVID ACOSTA YARURO | B96: AUXILIAR DE COCINA | C96: CONTRATADO | D96: 46079 | E96: LEDY ATEHORTUA | F96: 46079 | G96: GRAN PLAZA | H96: PAULA ANDREA LONDOÑO GUERRERO | I96: AUXILIAR | J96: RENUNCIA | K96: {=IF(OR($B96="",$F96=""),"",WORKDAY.INTL(IF(ISNUMBER($F96),$F96,FECHA.VALOR($F96)),IF(UPPER(TRIM($B96))="AUXILIAR DE COCINA",10,15),1,FESTIVOS!$A$3:$A$1000))} -> 46093 | L96: =IF($F204="","",DATE( YEAR(EDATE($F204,IF(DAY($F204)>=IF(UPPER(TRIM($B204))="AUXILIAR DE COCINA",17,11),1,0))), MONTH(EDATE($F204,IF(DAY($F204)>=IF(UPPER(TRIM($B204))="AUXILIAR DE COCINA",17,11),1,0))), 1 )) -> 46054 | M96: =IF($K96="","",IF(OR($D96="",$D96<$F96),"PENDIENTE",IF($D96<=$K96,"A TIEMPO","FUERA DE TIEMPO"))) -> A TIEMPO
A97: SARA POSADA HINCAPIE | B97: AUXILIAR DE COCINA | C97: CONTRATADO | D97: 46080 | E97: LEDY ATEHORTUA | F97: 46080 | G97: PREMIUM PLAZA | H97: OJEDA VENTA EDILIA | I97: AUXILIAR | J97: TERMINACION DE CT | K97: {=IF(OR($B97="",$F97=""),"",WORKDAY.INTL(IF(ISNUMBER($F97),$F97,FECHA.VALOR($F97)),IF(UPPER(TRIM($B97))="AUXILIAR DE COCINA",10,15),1,FESTIVOS!$A$3:$A$1000))} -> 46094 | L97: =IF($F98="","",DATE( YEAR(EDATE($F98,IF(DAY($F98)>=IF(UPPER(TRIM($B98))="AUXILIAR DE COCINA",17,11),1,0))), MONTH(EDATE($F98,IF(DAY($F98)>=IF(UPPER(TRIM($B98))="AUXILIAR DE COCINA",17,11),1,0))), 1 )) -> 46082 | M97: =IF($K97="","",IF(OR($D97="",$D97<$F97),"PENDIENTE",IF($D97<=$K97,"A TIEMPO","FUERA DE TIEMPO"))) -> A TIEMPO
A98: SALOME HENAO | B98: AUXILIAR DE COCINA | C98: CONTRATADO | D98: 46080 | E98: XAVI | F98: 46083 | G98: SUPERNUMERARIA | H98: MURILLO BANQUEZ YENDRITH | I98: AUXILIAR | J98: RENUNCIA | K98: {=IF(OR($B98="",$F98=""),"",WORKDAY.INTL(IF(ISNUMBER($F98),$F98,FECHA.VALOR($F98)),IF(UPPER(TRIM($B98))="AUXILIAR DE COCINA",10,15),1,FESTIVOS!$A$3:$A$1000))} -> 46097 | L98: =IF(#REF!="","",DATE( YEAR(EDATE(#REF!,IF(DAY(#REF!)>=IF(UPPER(TRIM(#REF!))="AUXILIAR DE COCINA",17,11),1,0))), MONTH(EDATE(#REF!,IF(DAY(#REF!)>=IF(UPPER(TRIM(#REF!))="AUXILIAR DE COCINA",17,11),1,0))), 1 )) -> #REF! | M98: =IF($K98="","",IF(OR($D98="",$D98<$F98),"PENDIENTE",IF($D98<=$K98,"A TIEMPO","FUERA DE TIEMPO"))) -> PENDIENTE
A99: JULIAN VALENCIA JARAMILLO | B99: AUXILIAR DE COCINA | C99: CONTRATADO | D99: 46080 | E99: PADILLA | F99: 46083 | G99: FLORIDA 2 | H99: GRANADOS CRUZ ROSMARY RAQUEL | I99: PERFIL | J99: RENUNCIA | K99: {=IF(OR($B99="",$F99=""),"",WORKDAY.INTL(IF(ISNUMBER($F99),$F99,FECHA.VALOR($F99)),IF(UPPER(TRIM($B99))="AUXILIAR DE COCINA",10,15),1,FESTIVOS!$A$3:$A$1000))} -> 46097 | L99: =IF(#REF!="","",DATE( YEAR(EDATE(#REF!,IF(DAY(#REF!)>=IF(UPPER(TRIM(#REF!))="AUXILIAR DE COCINA",17,11),1,0))), MONTH(EDATE(#REF!,IF(DAY(#REF!)>=IF(UPPER(TRIM(#REF!))="AUXILIAR DE COCINA",17,11),1,0))), 1 )) -> #REF! | M99: =IF($K99="","",IF(OR($D99="",$D99<$F99),"PENDIENTE",IF($D99<=$K99,"A TIEMPO","FUERA DE TIEMPO"))) -> PENDIENTE
A100: MARIA CRISITNA JARAMILLO PALACIO | B100: AUXILIAR DE COCINA | C100: CONTRATADO | D100: 46092 | E100: ELDA PALACIO | F100: 46083 | G100: VIVA LAURELES | H100: YARILUZ CHIQUINQUIRA ATENCIO | I100: AUXILIAR | J100: TERMINACION DE CT | K100: {=IF(OR($B100="",$F100=""),"",WORKDAY.INTL(IF(ISNUMBER($F100),$F100,FECHA.VALOR($F100)),IF(UPPER(TRIM($B100))="AUXILIAR DE COCINA",10,15),1,FESTIVOS!$A$3:$A$1000))} -> 46097 | L100: =IF(#REF!="","",DATE( YEAR(EDATE(#REF!,IF(DAY(#REF!)>=IF(UPPER(TRIM(#REF!))="AUXILIAR DE COCINA",17,11),1,0))), MONTH(EDATE(#REF!,IF(DAY(#REF!)>=IF(UPPER(TRIM(#REF!))="AUXILIAR DE COCINA",17,11),1,0))), 1 )) -> #REF! | M100: =IF($K100="","",IF(OR($D100="",$D100<$F100),"PENDIENTE",IF($D100<=$K100,"A TIEMPO","FUERA DE TIEMPO"))) -> A TIEMPO
...

Sheet RIONEGRO
A1: NOMBRE NUEVO INGRESO | B1: CARGO | C1: ESTADO | D1: FECHA DE INGRESO | E1: SOLICITA | F1: FECHA DE SOLICITUD | G1: PUNTO | H1: PERSONA A QUIEN REEMPLAZARA | I1: POSICION CLAVES | J1: MOTIVO | K1: FECHA MAXIMA | L1: MES_INDICADOR_K | M1: ESTADO DEL INGRESO
A2: YULIANA MOSQIERA MOSQUERA | B2: AUXILIAR DE COCINA | C2: CONTRATADO | D2: 46031 | E2: ANGIE | F2: 46003 | G2: SAN NICOLAS | H2: ROSELYN VALERO DE LOPEZ | K2: {=IF(OR($B2="",$F2=""),"",WORKDAY.INTL(IF(ISNUMBER($F2),$F2,FECHA.VALOR($F2)),IF(UPPER(TRIM($B2))="AUXILIAR DE COCINA",10,15),1,FESTIVOS!$A$3:$A$1000))} -> 46020 | L2: =IF($F3="","",DATE( YEAR(EDATE($F3,IF(DAY($F3)>=IF(UPPER(TRIM($B3))="AUXILIAR DE COCINA",17,11),1,0))), MONTH(EDATE($F3,IF(DAY($F3)>=IF(UPPER(TRIM($B3))="AUXILIAR DE COCINA",17,11),1,0))), 1 )) -> 46023 | M2: =IF($K2="","",IF(OR($D2="",$D2<$F2),"PENDIENTE",IF($D2<=$K2,"A TIEMPO","FUERA DE TIEMPO"))) -> FUERA DE TIEMPO
A3: ANDRES FELIPE RODRIGUEZ | B3: AUXILIAR DE COCINA | C3: CONTRATADO | D3: 46031 | E3: ANGIE | F3: 46013 | G3: SAN NICOLAS | H3: BASTIDAS KLEVER YUSMELIS DEL CARMEN | K3: {=IF(OR($B3="",$F3=""),"",WORKDAY.INTL(IF(ISNUMBER($F3),$F3,FECHA.VALOR($F3)),IF(UPPER(TRIM($B3))="AUXILIAR DE COCINA",10,15),1,FESTIVOS!$A$3:$A$1000))} -> 46029 | L3: =IF($F4="","",DATE( YEAR(EDATE($F4,IF(DAY($F4)>=IF(UPPER(TRIM($B4))="AUXILIAR DE COCINA",17,11),1,0))), MONTH(EDATE($F4,IF(DAY($F4)>=IF(UPPER(TRIM($B4))="AUXILIAR DE COCINA",17,11),1,0))), 1 )) -> 46023 | M3: =IF($K3="","",IF(OR($D3="",$D3<$F3),"PENDIENTE",IF($D3<=$K3,"A TIEMPO","FUERA DE TIEMPO"))) -> FUERA DE TIEMPO
A4: LILIANA GUILLEN FUENTES | B4: AUXILIAR DE COCINA | C4: CONTRATADO | D4: 46038 | E4: ANGIE | F4: 46029 | G4: SAN NICOLAS | H4: BASTIDAS KLEVER YUSMELIS DEL CARMEN | I4: AUXILIAR | J4: RENUNCIA | K4: {=IF(OR($B4="",$F4=""),"",WORKDAY.INTL(IF(ISNUMBER($F4),$F4,FECHA.VALOR($F4)),IF(UPPER(TRIM($B4))="AUXILIAR DE COCINA",10,15),1,FESTIVOS!$A$3:$A$1000))} -> 46044 | L4: =IF($F5="","",DATE( YEAR(EDATE($F5,IF(DAY($F5)>=IF(UPPER(TRIM($B5))="AUXILIAR DE COCINA",17,11),1,0))), MONTH(EDATE($F5,IF(DAY($F5)>=IF(UPPER(TRIM($B5))="AUXILIAR DE COCINA",17,11),1,0))), 1 )) -> 46023 | M4: =IF($K4="","",IF(OR($D4="",$D4<$F4),"PENDIENTE",IF($D4<=$K4,"A TIEMPO","FUERA DE TIEMPO"))) -> A TIEMPO
A5: EDINSON JAVIER VILORIA | B5: AUXILIAR DE COCINA | C5: CONTRATADO | D5: 46038 | E5: ANGIE | F5: 46029 | G5: SAN NICOLAS | H5: ROSELYN VALERO DE LOPEZ | I5: AUXILIAR | J5: RENUNCIA | K5: {=IF(OR($B5="",$F5=""),"",WORKDAY.INTL(IF(ISNUMBER($F5),$F5,FECHA.VALOR($F5)),IF(UPPER(TRIM($B5))="AUXILIAR DE COCINA",10,15),1,FESTIVOS!$A$3:$A$1000))} -> 46044 | L5: =IF($F6="","",DATE( YEAR(EDATE($F6,IF(DAY($F6)>=IF(UPPER(TRIM($B6))="AUXILIAR DE COCINA",17,11),1,0))), MONTH(EDATE($F6,IF(DAY($F6)>=IF(UPPER(TRIM($B6))="AUXILIAR DE COCINA",17,11),1,0))), 1 )) -> 46054 | M5: =IF($K5="","",IF(OR($D5="",$D5<$F5),"PENDIENTE",IF($D5<=$K5,"A TIEMPO","FUERA DE TIEMPO"))) -> A TIEMPO
A6: Rafael Humberto Echeverri Cerón | B6: AUXILIAR DE COCINA | C6: CONTRATADO | D6: 46044 | E6: ANGIE | F6: 46041 | G6: SAN NICOLAS | H6: JUAN CARLOS ZAPATA MARIN | I6: AUXILIAR | J6: RENUNCIA | K6: {=IF(OR($B6="",$F6=""),"",WORKDAY.INTL(IF(ISNUMBER($F6),$F6,FECHA.VALOR($F6)),IF(UPPER(TRIM($B6))="AUXILIAR DE COCINA",10,15),1,FESTIVOS!$A$3:$A$1000))} -> 46055 | L6: =IF($F7="","",DATE( YEAR(EDATE($F7,IF(DAY($F7)>=IF(UPPER(TRIM($B7))="AUXILIAR DE COCINA",17,11),1,0))), MONTH(EDATE($F7,IF(DAY($F7)>=IF(UPPER(TRIM($B7))="AUXILIAR DE COCINA",17,11),1,0))), 1 )) -> 46054 | M6: =IF($K6="","",IF(OR($D6="",$D6<$F6),"PENDIENTE",IF($D6<=$K6,"A TIEMPO","FUERA DE TIEMPO"))) -> A TIEMPO
A7: Isabela Negrete Sanchez | B7: AUXILIAR DE COCINA | C7: CONTRATADO | D7: 46042 | E7: ANGIE | F7: 46041 | G7: SAN NICOLAS | H7: VERA ATENCIA ANAHYS PAOLA | I7: AUXILIAR | J7: RENUNCIA | K7: {=IF(OR($B7="",$F7=""),"",WORKDAY.INTL(IF(ISNUMBER($F7),$F7,FECHA.VALOR($F7)),IF(UPPER(TRIM($B7))="AUXILIAR DE COCINA",10,15),1,FESTIVOS!$A$3:$A$1000))} -> 46055 | L7: =IF($F8="","",DATE( YEAR(EDATE($F8,IF(DAY($F8)>=IF(UPPER(TRIM($B8))="AUXILIAR DE COCINA",17,11),1,0))), MONTH(EDATE($F8,IF(DAY($F8)>=IF(UPPER(TRIM($B8))="AUXILIAR DE COCINA",17,11),1,0))), 1 )) -> 46054 | M7: =IF($K7="","",IF(OR($D7="",$D7<$F7),"PENDIENTE",IF($D7<=$K7,"A TIEMPO","FUERA DE TIEMPO"))) -> A TIEMPO
A8: GENESIS GOMEZ | B8: AUXILIAR DE SERVICIO | C8: CONTRATADO | D8: 46042 | E8: ANGIE | F8: 46041 | G8: SAN NICOLAS | H8: ? | K8: {=IF(OR($B8="",$F8=""),"",WORKDAY.INTL(IF(ISNUMBER($F8),$F8,FECHA.VALOR($F8)),IF(UPPER(TRIM($B8))="AUXILIAR DE COCINA",10,15),1,FESTIVOS!$A$3:$A$1000))} -> 46062 | L8: =IF(#REF!="","",DATE( YEAR(EDATE(#REF!,IF(DAY(#REF!)>=IF(UPPER(TRIM(#REF!))="AUXILIAR DE COCINA",17,11),1,0))), MONTH(EDATE(#REF!,IF(DAY(#REF!)>=IF(UPPER(TRIM(#REF!))="AUXILIAR DE COCINA",17,11),1,0))), 1 )) -> #REF! | M8: =IF($K8="","",IF(OR($D8="",$D8<$F8),"PENDIENTE",IF($D8<=$K8,"A TIEMPO","FUERA DE TIEMPO"))) -> A TIEMPO
A9: ALEXANDRA PINT | B9: AUXILIAR DE COCINA | C9: CONTRATADO | D9: 46083 | E9: ANGIE | F9: 46071 | G9: SAN NICOLAS | H9: JEISON JAVIER VILORA | I9: AUXILIAR | J9: RENUNCIA | K9: {=IF(OR($B9="",$F9=""),"",WORKDAY.INTL(IF(ISNUMBER($F9),$F9,FECHA.VALOR($F9)),IF(UPPER(TRIM($B9))="AUXILIAR DE COCINA",10,15),1,FESTIVOS!$A$3:$A$1000))} -> 46085 | L9: =IF($F10="","",DATE( YEAR(EDATE($F10,IF(DAY($F10)>=IF(UPPER(TRIM($B10))="AUXILIAR DE COCINA",17,11),1,0))), MONTH(EDATE($F10,IF(DAY($F10)>=IF(UPPER(TRIM($B10))="AUXILIAR DE COCINA",17,11),1,0))), 1 )) -> 46082 | M9: =IF($K9="","",IF(OR($D9="",$D9<$F9),"PENDIENTE",IF($D9<=$K9,"A TIEMPO","FUERA DE TIEMPO"))) -> A TIEMPO
A10: MATEO PINEDA | B10: AUXILIAR DE COCINA | C10: CONTRATADO | D10: 46090 | E10: ANGIE | F10: 46076 | G10: SAN NICOLAS | H10: MARIA ISABEL GUARIN | I10: AUXILIAR | J10: TERMINACION DE CT | K10: {=IF(OR($B10="",$F10=""),"",WORKDAY.INTL(IF(ISNUMBER($F10),$F10,FECHA.VALOR($F10)),IF(UPPER(TRIM($B10))="AUXILIAR DE COCINA",10,15),1,FESTIVOS!$A$3:$A$1000))} -> 46090 | L10: =IF($F11="","",DATE( YEAR(EDATE($F11,IF(DAY($F11)>=IF(UPPER(TRIM($B11))="AUXILIAR DE COCINA",17,11),1,0))), MONTH(EDATE($F11,IF(DAY($F11)>=IF(UPPER(TRIM($B11))="AUXILIAR DE COCINA",17,11),1,0))), 1 )) -> 46082 | M10: =IF($K10="","",IF(OR($D10="",$D10<$F10),"PENDIENTE",IF($D10<=$K10,"A TIEMPO","FUERA DE TIEMPO"))) -> A TIEMPO
A11: NEYELI ANDREA PITALUA CARO | B11: CAJERO | C11: CONTRATADO | D11: 46120 | E11: ANGIE | F11: 46088 | G11: SAN NICOLAS | H11: RODRIGUEZ TALERO EDITH YOHANNA | I11: AUXILIAR | J11: TERMINACION DE CT | K11: {=IF(OR($B11="",$F11=""),"",WORKDAY.INTL(IF(ISNUMBER($F11),$F11,FECHA.VALOR($F11)),IF(UPPER(TRIM($B11))="AUXILIAR DE COCINA",10,15),1,FESTIVOS!$A$3:$A$1000))} -> 46111 | L11: =IF($F12="","",DATE( YEAR(EDATE($F12,IF(DAY($F12)>=IF(UPPER(TRIM($B12))="AUXILIAR DE COCINA",17,11),1,0))), MONTH(EDATE($F12,IF(DAY($F12)>=IF(UPPER(TRIM($B12))="AUXILIAR DE COCINA",17,11),1,0))), 1 )) | M11: =IF($K11="","",IF(OR($D11="",$D11<$F11),"PENDIENTE",IF($D11<=$K11,"A TIEMPO","FUERA DE TIEMPO"))) -> FUERA DE TIEMPO
B12: AUXILIAR DE COCINA-TIEMPOS | E12: ANGIE | G12: SAN NICOLAS | H12: RAFAEL HUMBERTO TALERO | I12: AUXILIAR | J12: TERMINACION DE CT
A13: GEIDYS KARINA GARRIDO CARO | B13: AUXILIAR DE COCINA | C13: CONTRATADO | D13: 46118 | E13: ANGIE | F13: 46099 | G13: SAN NICOLAS | H13: MATEO PINEDA | I13: AUXILIAR | J13: RENUNCIA | K13: {=IF(OR($B13="",$F13=""),"",WORKDAY.INTL(IF(ISNUMBER($F13),$F13,FECHA.VALOR($F13)),IF(UPPER(TRIM($B13))="AUXILIAR DE COCINA",10,15),1,FESTIVOS!$A$3:$A$1000))} -> 46118 | L13: =IF($F14="","",DATE( YEAR(EDATE($F14,IF(DAY($F14)>=IF(UPPER(TRIM($B14))="AUXILIAR DE COCINA",17,11),1,0))), MONTH(EDATE($F14,IF(DAY($F14)>=IF(UPPER(TRIM($B14))="AUXILIAR DE COCINA",17,11),1,0))), 1 )) -> 46113 | M13: =IF($K13="","",IF(OR($D13="",$D13<$F13),"PENDIENTE",IF($D13<=$K13,"A TIEMPO","FUERA DE TIEMPO"))) -> A TIEMPO
A14: TATIANA SALCEDO BRICEÑO | B14: AUXILIAR DE SERVICIO | C14: CONTRATADO | D14: 46182 | E14: ANGIE | F14: 46106 | G14: SAN NICOLAS | H14: ISABELA NEGRETE | I14: AUXILIAR | J14: RENUNCIA | K14: {=IF(OR($B14="",$F14=""),"",WORKDAY.INTL(IF(ISNUMBER($F14),$F14,FECHA.VALOR($F14)),IF(UPPER(TRIM($B14))="AUXILIAR DE COCINA",10,15),1,FESTIVOS!$A$3:$A$1000))} -> 46129 | L14: =IF($F15="","",DATE( YEAR(EDATE($F15,IF(DAY($F15)>=IF(UPPER(TRIM($B15))="AUXILIAR DE COCINA",17,11),1,0))), MONTH(EDATE($F15,IF(DAY($F15)>=IF(UPPER(TRIM($B15))="AUXILIAR DE COCINA",17,11),1,0))), 1 )) -> 46113 | M14: =IF($K14="","",IF(OR($D14="",$D14<$F14),"PENDIENTE",IF($D14<=$K14,"A TIEMPO","FUERA DE TIEMPO"))) -> FUERA DE TIEMPO
A15: Dario cobaleda rodriguez | B15: AUXILIAR DE COCINA | C15: CONTRATADO | D15: 46141 | E15: ANGIE | F15: 46115 | G15: SAN NICOLAS | H15: LILIANA GUILLEN | I15: AUXILIAR | J15: RENUNCIA | K15: {=IF(OR($B15="",$F15=""),"",WORKDAY.INTL(IF(ISNUMBER($F15),$F15,FECHA.VALOR($F15)),IF(UPPER(TRIM($B15))="AUXILIAR DE COCINA",10,15),1,FESTIVOS!$A$3:$A$1000))} -> 46129 | L15: =IF($F16="","",DATE( YEAR(EDATE($F16,IF(DAY($F16)>=IF(UPPER(TRIM($B16))="AUXILIAR DE COCINA",17,11),1,0))), MONTH(EDATE($F16,IF(DAY($F16)>=IF(UPPER(TRIM($B16))="AUXILIAR DE COCINA",17,11),1,0))), 1 )) | M15: =IF($K15="","",IF(OR($D15="",$D15<$F15),"PENDIENTE",IF($D15<=$K15,"A TIEMPO","FUERA DE TIEMPO"))) -> FUERA DE TIEMPO
A16: APARTIR DEL 12-05-2026
A17: Jose David Chacón Marín | B17: SUPERNUMERARIO DE SERVICIO | C17: CONTRATADO | D17: 46171 | E17: ANGIE | F17: 46154 | G17: SAN NICOLAS | H17: DENIS BLANCO | I17: AUXILIAR
A18: Nicolás Esteban Arteaga Madrid | B18: AUXILIAR DE COCINA | C18: CONTRATADO | D18: 46175 | E18: ANGIE | F18: 46168 | G18: SAN NICOLAS | H18: RENUNCIA | I18: AUXILIAR
A19: MAYRIN RUIZ | B19: CAJERO | C19: CONTRATADO | D19: 46197 | E19: ANGIE | F19: 46191 | G19: SAN NICOLAS | H19: NO PRROGA DE CAJERA | I19: AUXILIAR
A20: Cruz Maria Fernandez Hernandez | B20: SUPERNUMERARIO DE SERVICIO | C20: CONTRATADO | D20: 46230 | E20: ANGIE | F20: 46217 | G20: SAN NICOLAS | H20: ALEZANDRA PINTO FLOREZ | I20: AUXILIAR
B21: AUXILIAR DE COCINA | E21: ANGIE | F21: 46219 | G21: SAN NICOLAS | H21: JUAN DIEGO GABALO | I21: PERFIL
A22: ELIZABETH VALENTINA BERRIO BEDOYA | B22: AUXILIAR DE SERVICIO | C22: CONTRATADO | D22: 46230 | E22: ANGIE | F22: 46232 | G22: SAN NICOLAS | H22: JOSE DAVID CHACON | I22: AUXILIAR
B23: LIDER DE COCINA | E23: ANGIE | F23: 46231 | G23: SAN NICOLAS | H23: YEISON LUIS | I23: LIDER
B24: AUXILIAR DE COCINA | E24: ANGIE | G24: SAN NICOLAS | H24: PERSONA APROBADA POR JUAN | I24: AUXILIAR

Sheet BOGOTA
A1: NOMBRE NUEVO INGRESO | B1: CARGO | C1: ESTADO | D1: FECHA DE INGRESO | E1: SOLICITA | F1: FECHA DE SOLICITUD | G1: PUNTO | H1: PERSONA A QUIEN REEMPLAZARA | I1: POSICION CLAVES | J1: MOTIVO | K1: FECHA MAXIMA | L1: MES_INDICADOR_K | M1: ESTADO DEL INGRESO | N1: OBSERVACION
A2: PEÑA LOPEZ SERGIO NICOLAS | B2: AUXILIAR DE COCINA | C2: CONTRATADO | D2: 45995 | E2: SEBASTIAN | F2: 45992 | G2: SUPERNUMERARIO | H2: HORTAS VANEGAS VALENTINA | K2: {=IF(OR($B2="",$F2=""),"",WORKDAY.INTL(IF(ISNUMBER($F2),$F2,FECHA.VALOR($F2)),IF(UPPER(TRIM($B2))="AUXILIAR DE COCINA",7,10),1,FESTIVOS!$D$3:$D$996))} -> 46002 | L2: =IF($F2="","",DATE(YEAR(EDATE($F2,IF(DAY($F2)>=17,1,0))),MONTH(EDATE($F2,IF(DAY($F2)>=17,1,0))),1)) -> 45992 | M2: =IF($K2="","",IF(OR($D2="",$D2<$F2),"PENDIENTE",IF($D2<=$K2,"A TIEMPO","FUERA DE TIEMPO"))) -> A TIEMPO | O2: Cuenta de FECHA MAXIMA | P2: ESTADO DEL INGRESO
A3: ROJAS ORTIZ LINDA STEFANY | B3: AUXILIAR DE COCINA | C3: CONTRATADO | D3: 45995 | E3: JESUS | F3: 45992 | G3: SUPERNUMERARIO | H3: LOZANO GAITAN JULIAN ESTID | K3: {=IF(OR($B3="",$F3=""),"",WORKDAY.INTL(IF(ISNUMBER($F3),$F3,FECHA.VALOR($F3)),IF(UPPER(TRIM($B3))="AUXILIAR DE COCINA",7,10),1,FESTIVOS!$D$3:$D$996))} -> 46002 | L3: =IF($F3="","",DATE(YEAR(EDATE($F3,IF(DAY($F3)>=17,1,0))),MONTH(EDATE($F3,IF(DAY($F3)>=17,1,0))),1)) -> 45992 | M3: =IF($K3="","",IF(OR($D3="",$D3<$F3),"PENDIENTE",IF($D3<=$K3,"A TIEMPO","FUERA DE TIEMPO"))) -> A TIEMPO | O3: MES_INDICADOR_K | P3: A TIEMPO | Q3: PENDIENTE | R3: Total general
A4: RODRIGUEZ MENDIVELSO ALAN | B4: AUXILIAR DE COCINA | C4: CONTRATADO | D4: 46002 | E4: SEBASTIAN | F4: 45996 | G4: TITAN | H4: USTARIZ SAURITH YESITH PAOLA | K4: {=IF(OR($B4="",$F4=""),"",WORKDAY.INTL(IF(ISNUMBER($F4),$F4,FECHA.VALOR($F4)),IF(UPPER(TRIM($B4))="AUXILIAR DE COCINA",7,10),1,FESTIVOS!$D$3:$D$996))} -> 46008 | L4: =IF($F4="","",DATE(YEAR(EDATE($F4,IF(DAY($F4)>=17,1,0))),MONTH(EDATE($F4,IF(DAY($F4)>=17,1,0))),1)) -> 45992 | M4: =IF($K4="","",IF(OR($D4="",$D4<$F4),"PENDIENTE",IF($D4<=$K4,"A TIEMPO","FUERA DE TIEMPO"))) -> A TIEMPO | O4: 45992 | P4: 9 | R4: 9
A5: MONTALVO ZAMBRANO CARLOS ANTONIO | B5: AUXILIAR DE COCINA | C5: CONTRATADO | D5: 46002 | E5: SEBASTIAN | F5: 46001 | G5: SUPERNUMERARIO | H5: GAITAN SEDANO BRAYAN EDILSON | K5: {=IF(OR($B5="",$F5=""),"",WORKDAY.INTL(IF(ISNUMBER($F5),$F5,FECHA.VALOR($F5)),IF(UPPER(TRIM($B5))="AUXILIAR DE COCINA",7,10),1,FESTIVOS!$D$3:$D$996))} -> 46010 | L5: =IF($F5="","",DATE(YEAR(EDATE($F5,IF(DAY($F5)>=17,1,0))),MONTH(EDATE($F5,IF(DAY($F5)>=17,1,0))),1)) -> 45992 | M5: =IF($K5="","",IF(OR($D5="",$D5<$F5),"PENDIENTE",IF($D5<=$K5,"A TIEMPO","FUERA DE TIEMPO"))) -> A TIEMPO | O5: 46023 | P5: 3 | Q5: 5 | R5: 8
A6: SEVERICHE CHICA JAIRIS | B6: AUXILIAR DE SERVICIO | C6: CONTRATADO | D6: 46002 | E6: JESUS | F6: 46001 | G6: SUPERNUMERARIO | H6: SORIANO CADENA ALEJANDRO | K6: {=IF(OR($B6="",$F6=""),"",WORKDAY.INTL(IF(ISNUMBER($F6),$F6,FECHA.VALOR($F6)),IF(UPPER(TRIM($B6))="AUXILIAR DE COCINA",7,10),1,FESTIVOS!$D$3:$D$996))} -> 46015 | L6: =IF($F6="","",DATE(YEAR(EDATE($F6,IF(DAY($F6)>=17,1,0))),MONTH(EDATE($F6,IF(DAY($F6)>=17,1,0))),1)) -> 45992 | M6: =IF($K6="","",IF(OR($D6="",$D6<$F6),"PENDIENTE",IF($D6<=$K6,"A TIEMPO","FUERA DE TIEMPO"))) -> A TIEMPO | O6: Total general | P6: 12 | Q6: 5 | R6: 17
A7: HORTA CARRILLO SAMIR ENRIQUE | B7: AUXILIAR DE COCINA | C7: CONTRATADO | D7: 46009 | E7: SEBASTIAN | F7: 46002 | G7: SUPERNUMERARIO | H7: PEÑA LOPEZ SERGIO NICOLAS | K7: {=IF(OR($B7="",$F7=""),"",WORKDAY.INTL(IF(ISNUMBER($F7),$F7,FECHA.VALOR($F7)),IF(UPPER(TRIM($B7))="AUXILIAR DE COCINA",7,10),1,FESTIVOS!$D$3:$D$996))} -> 46013 | L7: =IF($F7="","",DATE(YEAR(EDATE($F7,IF(DAY($F7)>=17,1,0))),MONTH(EDATE($F7,IF(DAY($F7)>=17,1,0))),1)) -> 45992 | M7: =IF($K7="","",IF(OR($D7="",$D7<$F7),"PENDIENTE",IF($D7<=$K7,"A TIEMPO","FUERA DE TIEMPO"))) -> A TIEMPO
A8: ROSAS JUAN ESTEBAN | B8: AUXILIAR DE COCINA | C8: CONTRATADO | D8: 46009 | E8: SEBASTIAN | F8: 46003 | G8: SUPERNUMERARIO | H8: TRES PALACIOS JUAN CAMILO | K8: {=IF(OR($B8="",$F8=""),"",WORKDAY.INTL(IF(ISNUMBER($F8),$F8,FECHA.VALOR($F8)),IF(UPPER(TRIM($B8))="AUXILIAR DE COCINA",7,10),1,FESTIVOS!$D$3:$D$996))} -> 46014 | L8: =IF($F8="","",DATE(YEAR(EDATE($F8,IF(DAY($F8)>=17,1,0))),MONTH(EDATE($F8,IF(DAY($F8)>=17,1,0))),1)) -> 45992 | M8: =IF($K8="","",IF(OR($D8="",$D8<$F8),"PENDIENTE",IF($D8<=$K8,"A TIEMPO","FUERA DE TIEMPO"))) -> A TIEMPO
A9: CORTES RIVERA YEYNNE JOHANNA | B9: AUXILIAR DE COCINA | C9: CONTRATADO | D9: 46009 | E9: SEBASTIAN | F9: 46003 | G9: SUPERNUMERARIO | H9: VIRGUEZ SUAREZ YEISON ALEXANDER | K9: {=IF(OR($B9="",$F9=""),"",WORKDAY.INTL(IF(ISNUMBER($F9),$F9,FECHA.VALOR($F9)),IF(UPPER(TRIM($B9))="AUXILIAR DE COCINA",7,10),1,FESTIVOS!$D$3:$D$996))} -> 46014 | L9: =IF($F9="","",DATE(YEAR(EDATE($F9,IF(DAY($F9)>=17,1,0))),MONTH(EDATE($F9,IF(DAY($F9)>=17,1,0))),1)) -> 45992 | M9: =IF($K9="","",IF(OR($D9="",$D9<$F9),"PENDIENTE",IF($D9<=$K9,"A TIEMPO","FUERA DE TIEMPO"))) -> A TIEMPO
A10: MEJIA BURGOS ENIRLEYDIS | B10: AUXILIAR DE SERVICIO | C10: CONTRATADO | D10: 46009 | E10: SEBASTIAN | F10: 46007 | G10: TITAN | H10: SANTA AGUDELO CARLOS ALBERTO | K10: {=IF(OR($B10="",$F10=""),"",WORKDAY.INTL(IF(ISNUMBER($F10),$F10,FECHA.VALOR($F10)),IF(UPPER(TRIM($B10))="AUXILIAR DE COCINA",7,10),1,FESTIVOS!$D$3:$D$996))} -> 46022 | L10: =IF($F10="","",DATE(YEAR(EDATE($F10,IF(DAY($F10)>=17,1,0))),MONTH(EDATE($F10,IF(DAY($F10)>=17,1,0))),1)) -> 45992 | M10: =IF($K10="","",IF(OR($D10="",$D10<$F10),"PENDIENTE",IF($D10<=$K10,"A TIEMPO","FUERA DE TIEMPO"))) -> A TIEMPO
A11: ORTEGA OSORIO LEONARDO JOSE | B11: AUXILIAR DE COCINA | C11: CONTRATADO | D11: 46009 | E11: SEBASTIAN | F11: 46008 | G11: SUPERNUMERARIO | H11: OLIVARES PEREZ LUIS JOSE | K11: {=IF(OR($B11="",$F11=""),"",WORKDAY.INTL(IF(ISNUMBER($F11),$F11,FECHA.VALOR($F11)),IF(UPPER(TRIM($B11))="AUXILIAR DE COCINA",7,10),1,FESTIVOS!$D$3:$D$996))} -> 46020 | L11: =IF($F11="","",DATE(YEAR(EDATE($F11,IF(DAY($F11)>=17,1,0))),MONTH(EDATE($F11,IF(DAY($F11)>=17,1,0))),1)) -> 46023 | M11: =IF($K11="","",IF(OR($D11="",$D11<$F11),"PENDIENTE",IF($D11<=$K11,"A TIEMPO","FUERA DE TIEMPO"))) -> A TIEMPO
A12: CACERES PERDOMO LEIDY CARLINA | B12: AUXILIAR DE SERVICIO | C12: CONTRATADO | D12: 46013 | E12: JESUS | F12: 46009 | G12: SUPERNUMERARIO | H12: SEVERICHE CHICA JAIRIS | K12: {=IF(OR($B12="",$F12=""),"",WORKDAY.INTL(IF(ISNUMBER($F12),$F12,FECHA.VALOR($F12)),IF(UPPER(TRIM($B12))="AUXILIAR DE COCINA",7,10),1,FESTIVOS!$D$3:$D$996))} -> 46027 | L12: =IF($F12="","",DATE(YEAR(EDATE($F12,IF(DAY($F12)>=17,1,0))),MONTH(EDATE($F12,IF(DAY($F12)>=17,1,0))),1)) -> 46023 | M12: =IF($K12="","",IF(OR($D12="",$D12<$F12),"PENDIENTE",IF($D12<=$K12,"A TIEMPO","FUERA DE TIEMPO"))) -> A TIEMPO
A13: ROMERO BERRIO YARELIS BEATRIZ | B13: AUXILIAR DE COCINA | C13: CONTRATADO | D13: 46009 | E13: SEBASTIAN | F13: 46011 | G13: SUPERNUMERARIO | H13: DOMINGUEZ FRIA YIBRAN JOSE | K13: {=IF(OR($B13="",$F13=""),"",WORKDAY.INTL(IF(ISNUMBER($F13),$F13,FECHA.VALOR($F13)),IF(UPPER(TRIM($B13))="AUXILIAR DE COCINA",7,10),1,FESTIVOS!$D$3:$D$996))} -> 46022 | L13: =IF($F13="","",DATE(YEAR(EDATE($F13,IF(DAY($F13)>=17,1,0))),MONTH(EDATE($F13,IF(DAY($F13)>=17,1,0))),1)) -> 46023 | M13: =IF($K13="","",IF(OR($D13="",$D13<$F13),"PENDIENTE",IF($D13<=$K13,"A TIEMPO","FUERA DE TIEMPO"))) -> PENDIENTE
A14: WANDURRUAGA REYES MARIO ALEJANDRO | B14: AUXILIAR DE COCINA | C14: CONTRATADO | D14: 46027 | E14: SEBASTIAN | F14: 46020 | G14: SUPERNUMERARIO | H14: CORTES RIVERA YEYNNE JOHANNA | K14: {=IF(OR($B14="",$F14=""),"",WORKDAY.INTL(IF(ISNUMBER($F14),$F14,FECHA.VALOR($F14)),IF(UPPER(TRIM($B14))="AUXILIAR DE COCINA",7,10),1,FESTIVOS!$D$3:$D$996))} -> 46030 | L14: =IF($F14="","",DATE(YEAR(EDATE($F14,IF(DAY($F14)>=17,1,0))),MONTH(EDATE($F14,IF(DAY($F14)>=17,1,0))),1)) -> 46023 | M14: =IF($K14="","",IF(OR($D14="",$D14<$F14),"PENDIENTE",IF($D14<=$K14,"A TIEMPO","FUERA DE TIEMPO"))) -> A TIEMPO
A15: PEÑA RUIZ MARIA GABRIELA | B15: AUXILIAR DE SERVICIO | C15: CONTRATADO | D15: 46041 | E15: JESUS | F15: 46027 | G15: CENTRO MAYOR | H15: TRESPALACIOS GARCIA JUAN DAVID | K15: {=IF(OR($B15="",$F15=""),"",WORKDAY.INTL(IF(ISNUMBER($F15),$F15,FECHA.VALOR($F15)),IF(UPPER(TRIM($B15))="AUXILIAR DE COCINA",7,10),1,FESTIVOS!$D$3:$D$996))} -> 46042 | L15: =IF($F15="","",DATE(YEAR(EDATE($F15,IF(DAY($F15)>=17,1,0))),MONTH(EDATE($F15,IF(DAY($F15)>=17,1,0))),1)) -> 46023 | M15: =IF($K15="","",IF(OR($D15="",$D15<$F15),"PENDIENTE",IF($D15<=$K15,"A TIEMPO","FUERA DE TIEMPO"))) -> A TIEMPO
A16: NORIEGA ALVAREZ AUREN FELIPE | B16: AUXILIAR DE COCINA | C16: CONTRATADO | D16: 46030 | E16: JESUS | F16: 46027 | G16: CENTRO MAYOR | H16: CAMACHO HERRERA DIEGO MARIO | K16: {=IF(OR($B16="",$F16=""),"",WORKDAY.INTL(IF(ISNUMBER($F16),$F16,FECHA.VALOR($F16)),IF(UPPER(TRIM($B16))="AUXILIAR DE COCINA",7,10),1,FESTIVOS!$D$3:$D$996))} -> 46037 | L16: =IF($F16="","",DATE(YEAR(EDATE($F16,IF(DAY($F16)>=17,1,0))),MONTH(EDATE($F16,IF(DAY($F16)>=17,1,0))),1)) -> 46023 | M16: =IF($K16="","",IF(OR($D16="",$D16<$F16),"PENDIENTE",IF($D16<=$K16,"A TIEMPO","FUERA DE TIEMPO"))) -> A TIEMPO
A17: PICON TORRES HILMER | B17: AUXILIAR DE COCINA | C17: CONTRATADO | D17: 46030 | E17: SEBASTIAN | F17: 46028 | G17: BACKUP | H17: MOLINA PEREZ HAROLD JUNIOR | K17: {=IF(OR($B17="",$F17=""),"",WORKDAY.INTL(IF(ISNUMBER($F17),$F17,FECHA.VALOR($F17)),IF(UPPER(TRIM($B17))="AUXILIAR DE COCINA",7,10),1,FESTIVOS!$D$3:$D$996))} -> 46038 | L17: =IF($F17="","",DATE(YEAR(EDATE($F17,IF(DAY($F17)>=17,1,0))),MONTH(EDATE($F17,IF(DAY($F17)>=17,1,0))),1)) -> 46023 | M17: =IF($K17="","",IF(OR($D17="",$D17<$F17),"PENDIENTE",IF($D17<=$K17,"A TIEMPO","FUERA DE TIEMPO"))) -> A TIEMPO
A18: SOLANO GUERRERO MAYERLYN VIRGINIA | B18: AUXILIAR DE SERVICIO | C18: CONTRATADO | D18: 46030 | E18: JESUS | F18: 46028 | G18: SUPERNUMERARIO | H18: DURAN TOVAR MARIA ANGELICA | K18: {=IF(OR($B18="",$F18=""),"",WORKDAY.INTL(IF(ISNUMBER($F18),$F18,FECHA.VALOR($F18)),IF(UPPER(TRIM($B18))="AUXILIAR DE COCINA",7,10),1,FESTIVOS!$D$3:$D$996))} -> 46043 | L18: =IF($F18="","",DATE(YEAR(EDATE($F18,IF(DAY($F18)>=17,1,0))),MONTH(EDATE($F18,IF(DAY($F18)>=17,1,0))),1)) -> 46023 | M18: =IF($K18="","",IF(OR($D18="",$D18<$F18),"PENDIENTE",IF($D18<=$K18,"A TIEMPO","FUERA DE TIEMPO"))) -> A TIEMPO
... A28: CAMILA ANDREA DEL VALLE POMBO | B28: AUXILIAR DE COCINA | C28: CONTRATADO | D28: 46046 | E28: ANGIE | F28: 46043 | G28: BACKUP | H28: PICON TORRES HILMER | K28: {=IF(OR($B28="",$F28=""),"",WORKDAY.INTL(IF(ISNUMBER($F28),$F28,FECHA.VALOR($F28)),IF(UPPER(TRIM($B28))="AUXILIAR DE COCINA",7,10),1,FESTIVOS!$D$3:$D$996))} -> 46052 | L28: =IF($F28="","",DATE(YEAR(EDATE($F28,IF(DAY($F28)>=17,1,0))),MONTH(EDATE($F28,IF(DAY($F28)>=17,1,0))),1)) -> 46054 | M28: =IF($K28="","",IF(OR($D28="",$D28<$F28),"PENDIENTE",IF($D28<=$K28,"A TIEMPO","FUERA DE TIEMPO"))) -> A TIEMPO
A29: ORTEGA DIAZ YENI PAOLA | B29: AUXILIAR DE SERVICIO | C29: CONTRATADO | D29: 46047 | E29: ANGIE | F29: 46043 | H29: BACKUP APROBADA DE SERVICIO (+) | K29: {=IF(OR($B29="",$F29=""),"",WORKDAY.INTL(IF(ISNUMBER($F29),$F29,FECHA.VALOR($F29)),IF(UPPER(TRIM($B29))="AUXILIAR DE COCINA",7,10),1,FESTIVOS!$D$3:$D$996))} -> 46057 | L29: =IF($F29="","",DATE(YEAR(EDATE($F29,IF(DAY($F29)>=17,1,0))),MONTH(EDATE($F29,IF(DAY($F29)>=17,1,0))),1)) -> 46054 | M29: =IF($K29="","",IF(OR($D29="",$D29<$F29),"PENDIENTE",IF($D29<=$K29,"A TIEMPO","FUERA DE TIEMPO"))) -> A TIEMPO
A30: GAMBINO GUIZA SANTIAGO | B30: AUXILIAR DE COCINA | C30: CONTRATADO | D30: 46048 | E30: ANGIE | F30: 46042 | H30: FONTALVO CAPELA CALEB DAVID | K30: {=IF(OR($B30="",$F30=""),"",WORKDAY.INTL(IF(ISNUMBER($F30),$F30,FECHA.VALOR($F30)),IF(UPPER(TRIM($B30))="AUXILIAR DE COCINA",7,10),1,FESTIVOS!$D$3:$D$996))} -> 46051 | L30: =IF($F30="","",DATE(YEAR(EDATE($F30,IF(DAY($F30)>=17,1,0))),MONTH(EDATE($F30,IF(DAY($F30)>=17,1,0))),1)) -> 46054 | M30: =IF($K30="","",IF(OR($D30="",$D30<$F30),"PENDIENTE",IF($D30<=$K30,"A TIEMPO","FUERA DE TIEMPO"))) -> A TIEMPO
A31: PRADA CHAPARRO BEIDY LORENA | B31: AUXILIAR DE SERVICIO | C31: CONTRATADO | D31: 46049 | E31: JESUS | F31: 46048 | G31: COLINA | H31: GUARIN RAMIREZ LAIDY JOHANA | K31: {=IF(OR($B31="",$F31=""),"",WORKDAY.INTL(IF(ISNUMBER($F31),$F31,FECHA.VALOR($F31)),IF(UPPER(TRIM($B31))="AUXILIAR DE COCINA",7,10),1,FESTIVOS!$D$3:$D$996))} -> 46062 | L31: =IF($F31="","",DATE(YEAR(EDATE($F31,IF(DAY($F31)>=17,1,0))),MONTH(EDATE($F31,IF(DAY($F31)>=17,1,0))),1)) -> 46054 | M31: =IF($K31="","",IF(OR($D31="",$D31<$F31),"PENDIENTE",IF($D31<=$K31,"A TIEMPO","FUERA DE TIEMPO"))) -> A TIEMPO
A32: SALAZAR AGUAS JULISA PAOLA | B32: AUXILIAR DE SERVICIO | C32: CONTRATADO | D32: 46050 | E32: SEBASTIAN | F32: 46052 | G32: SUPERNUMERARIO | H32: RUIZ RAMOS MARINELA (TRASLADO) | K32: {=IF(OR($B32="",$F32=""),"",WORKDAY.INTL(IF(ISNUMBER($F32),$F32,FECHA.VALOR($F32)),IF(UPPER(TRIM($B32))="AUXILIAR DE COCINA",7,10),1,FESTIVOS!$D$3:$D$996))} -> 46066 | L32: =IF($F32="","",DATE(YEAR(EDATE($F32,IF(DAY($F32)>=17,1,0))),MONTH(EDATE($F32,IF(DAY($F32)>=17,1,0))),1)) -> 46054 | M32: =IF($K32="","",IF(OR($D32="",$D32<$F32),"PENDIENTE",IF($D32<=$K32,"A TIEMPO","FUERA DE TIEMPO"))) -> PENDIENTE
A33: MARTINEZ QUINTERO GEIDIS | B33: AUXILIAR DE COCINA | C33: CONTRATADO | D33: 46051 | E33: SEBASTIAN | F33: 46055 | G33: SUPERNUMERARIO | K33: {=IF(OR($B33="",$F33=""),"",WORKDAY.INTL(IF(ISNUMBER($F33),$F33,FECHA.VALOR($F33)),IF(UPPER(TRIM($B33))="AUXILIAR DE COCINA",7,10),1,FESTIVOS!$D$3:$D$996))} -> 46064 | L33: =IF($F33="","",DATE(YEAR(EDATE($F33,IF(DAY($F33)>=17,1,0))),MONTH(EDATE($F33,IF(DAY($F33)>=17,1,0))),1)) -> 46054 | M33: =IF($K33="","",IF(OR($D33="",$D33<$F33),"PENDIENTE",IF($D33<=$K33,"A TIEMPO","FUERA DE TIEMPO"))) -> PENDIENTE
A34: HOYOS HIMITOLA VICTOR DANILO | B34: AUXILIAR DE SERVICIO | C34: CONTRATADO | D34: 46052 | E34: JESUS | F34: 46055 | G34: COLINA | K34: {=IF(OR($B34="",$F34=""),"",WORKDAY.INTL(IF(ISNUMBER($F34),$F34,FECHA.VALOR($F34)),IF(UPPER(TRIM($B34))="AUXILIAR DE COCINA",7,10),1,FESTIVOS!$D$3:$D$996))} -> 46069 | L34: =IF($F34="","",DATE(YEAR(EDATE($F34,IF(DAY($F34)>=17,1,0))),MONTH(EDATE($F34,IF(DAY($F34)>=17,1,0))),1)) -> 46054 | M34: =IF($K34="","",IF(OR($D34="",$D34<$F34),"PENDIENTE",IF($D34<=$K34,"A TIEMPO","FUERA DE TIEMPO"))) -> PENDIENTE
A35: SUAREZ VELASQUEZ RAUL ANDRES | B35: AUXILIAR DE COCINA | C35: CONTRATADO | D35: 46053 | E35: SEBASTIAN | F35: 46057 | G35: SUPERNUMERARIO | K35: {=IF(OR($B35="",$F35=""),"",WORKDAY.INTL(IF(ISNUMBER($F35),$F35,FECHA.VALOR($F35)),IF(UPPER(TRIM($B35))="AUXILIAR DE COCINA",7,10),1,FESTIVOS!$D$3:$D$996))} -> 46066 | L35: =IF($F35="","",DATE(YEAR(EDATE($F35,IF(DAY($F35)>=17,1,0))),MONTH(EDATE($F35,IF(DAY($F35)>=17,1,0))),1)) -> 46054 | M35: =IF($K35="","",IF(OR($D35="",$D35<$F35),"PENDIENTE",IF($D35<=$K35,"A TIEMPO","FUERA DE TIEMPO"))) -> PENDIENTE
A36: QUIROZ BOLIVAR JOSE MIGUEL | B36: AUXILIAR DE COCINA | C36: CONTRATADO | D36: 46054 | E36: SEBASTIAN | F36: 46062 | G36: SUPERNUMERARIO | K36: {=IF(OR($B36="",$F36=""),"",WORKDAY.INTL(IF(ISNUMBER($F36),$F36,FECHA.VALOR($F36)),IF(UPPER(TRIM($B36))="AUXILIAR DE COCINA",7,10),1,FESTIVOS!$D$3:$D$996))} -> 46071 | L36: =IF($F36="","",DATE(YEAR(EDATE($F36,IF(DAY($F36)>=17,1,0))),MONTH(EDATE($F36,IF(DAY($F36)>=17,1,0))),1)) -> 46054 | M36: =IF($K36="","",IF(OR($D36="",$D36<$F36),"PENDIENTE",IF($D36<=$K36,"A TIEMPO","FUERA DE TIEMPO"))) -> PENDIENTE
A37: MAULETH CRUZ YINETH PAOLA | B37: AUXILIAR DE COCINA | C37: CONTRATADO | D37: 46055 | E37: SEBASTIAN | F37: 46062 | G37: SUPERNUMERARIO | K37: {=IF(OR($B37="",$F37=""),"",WORKDAY.INTL(IF(ISNUMBER($F37),$F37,FECHA.VALOR($F37)),IF(UPPER(TRIM($B37))="AUXILIAR DE COCINA",7,10),1,FESTIVOS!$D$3:$D$996))} -> 46071 | L37: =IF($F37="","",DATE(YEAR(EDATE($F37,IF(DAY($F37)>=17,1,0))),MONTH(EDATE($F37,IF(DAY($F37)>=17,1,0))),1)) -> 46054 | M37: =IF($K37="","",IF(OR($D37="",$D37<$F37),"PENDIENTE",IF($D37<=$K37,"A TIEMPO","FUERA DE TIEMPO"))) -> PENDIENTE
A38: PRADA CHAPARRO BEIDY LORENA | B38: AUXILIAR DE SERVICIO | C38: CONTRATADO | D38: 46058 | E38: JESUS | F38: 46055 | G38: COLINA | H38: VALENCIA GONZALEZ TATIANA | K38: {=IF(OR($B38="",$F38=""),"",WORKDAY.INTL(IF(ISNUMBER($F38),$F38,FECHA.VALOR($F38)),IF(UPPER(TRIM($B38))="AUXILIAR DE COCINA",7,10),1,FESTIVOS!$D$3:$D$996))} -> 46069 | L38: =IF($F38="","",DATE(YEAR(EDATE($F38,IF(DAY($F38)>=17,1,0))),MONTH(EDATE($F38,IF(DAY($F38)>=17,1,0))),1)) -> 46054 | M38: =IF($K38="","",IF(OR($D38="",$D38<$F38),"PENDIENTE",IF($D38<=$K38,"A TIEMPO","FUERA DE TIEMPO"))) -> A TIEMPO
A39: SALAZAR AGUAS JULISA PAOLA | B39: AUXILIAR DE SERVICIO | C39: CONTRATADO | D39: 46058 | E39: SEBASTIAN | F39: 46055 | G39: SUPERNUMERARIO | H39: PEREZ BLANCO ARIEL JOSE | K39: {=IF(OR($B39="",$F39=""),"",WORKDAY.INTL(IF(ISNUMBER($F39),$F39,FECHA.VALOR($F39)),IF(UPPER(TRIM($B39))="AUXILIAR DE COCINA",7,10),1,FESTIVOS!$D$3:$D$996))} -> 46069 | L39: =IF($F39="","",DATE(YEAR(EDATE($F39,IF(DAY($F39)>=17,1,0))),MONTH(EDATE($F39,IF(DAY($F39)>=17,1,0))),1)) -> 46054 | M39: =IF($K39="","",IF(OR($D39="",$D39<$F39),"PENDIENTE",IF($D39<=$K39,"A TIEMPO","FUERA DE TIEMPO"))) -> A TIEMPO
A40: MARTINEZ QUINTERO GEIDIS | B40: AUXILIAR DE COCINA | C40: CONTRATADO | D40: 46058 | E40: SEBASTIAN | F40: 46057 | G40: SUPERNUMERARIO | H40: VIVAS SANEZ JUAN SEBASTIAN | K40: {=IF(OR($B40="",$F40=""),"",WORKDAY.INTL(IF(ISNUMBER($F40),$F40,FECHA.VALOR($F40)),IF(UPPER(TRIM($B40))="AUXILIAR DE COCINA",7,10),1,FESTIVOS!$D$3:$D$996))} -> 46066 | L40: =IF($F40="","",DATE(YEAR(EDATE($F40,IF(DAY($F40)>=17,1,0))),MONTH(EDATE($F40,IF(DAY($F40)>=17,1,0))),1)) -> 46054 | M40: =IF($K40="","",IF(OR($D40="",$D40<$F40),"PENDIENTE",IF($D40<=$K40,"A TIEMPO","FUERA DE TIEMPO"))) -> A TIEMPO
A41: HOYOS HIMITOLA VICTOR DANILO | B41: AUXILIAR DE SERVICIO | C41: CONTRATADO | D41: 46069 | E41: JESUS | F41: 46062 | G41: COLINA | H41: PUERTAS RAMIREZ VIVERLIS JOVANA | K41: {=IF(OR($B41="",$F41=""),"",WORKDAY.INTL(IF(ISNUMBER($F41),$F41,FECHA.VALOR($F41)),IF(UPPER(TRIM($B41))="AUXILIAR DE COCINA",7,10),1,FESTIVOS!$D$3:$D$996))} -> 46076 | L41: =IF($F41="","",DATE(YEAR(EDATE($F41,IF(DAY($F41)>=17,1,0))),MONTH(EDATE($F41,IF(DAY($F41)>=17,1,0))),1)) -> 46054 | M41: =IF($K41="","",IF(OR($D41="",$D41<$F41),"PENDIENTE",IF($D41<=$K41,"A TIEMPO","FUERA DE TIEMPO"))) -> A TIEMPO
A42: SUAREZ VELASQUEZ RAUL ANDRES | B42: AUXILIAR DE COCINA | C42: CONTRATADO | D42: 46065 | E42: SEBASTIAN | F42: 46062 | G42: SUPERNUMERARIO | H42: CASTRO BRAVO HEIDY ANDREA | K42: {=IF(OR($B42="",$F42=""),"",WORKDAY.INTL(IF(ISNUMBER($F42),$F42,FECHA.VALOR($F42)),IF(UPPER(TRIM($B42))="AUXILIAR DE COCINA",7,10),1,FESTIVOS!$D$3:$D$996))} -> 46071 | L42: =IF($F42="","",DATE(YEAR(EDATE($F42,IF(DAY($F42)>=17,1,0))),MONTH(EDATE($F42,IF(DAY($F42)>=17,1,0))),1)) -> 46054 | M42: =IF($K42="","",IF(OR($D42="",$D42<$F42),"PENDIENTE",IF($D42<=$K42,"A TIEMPO","FUERA DE TIEMPO"))) -> A TIEMPO
A43: QUIROZ BOLIVAR JOSE MIGUEL | B43: AUXILIAR DE COCINA | C43: CONTRATADO | D43: 46065 | E43: SEBASTIAN | F43: 46062 | G43: SUPERNUMERARIO | H43: ORTEGA OSORIO LEONARDO JOSE | K43: {=IF(OR($B43="",$F43=""),"",WORKDAY.INTL(IF(ISNUMBER($F43),$F43,FECHA.VALOR($F43)),IF(UPPER(TRIM($B43))="AUXILIAR DE COCINA",7,10),1,FESTIVOS!$D$3:$D$996))} -> 46071 | L43: =IF($F43="","",DATE(YEAR(EDATE($F43,IF(DAY($F43)>=17,1,0))),MONTH(EDATE($F43,IF(DAY($F43)>=17,1,0))),1)) -> 46054 | M43: =IF($K43="","",IF(OR($D43="",$D43<$F43),"PENDIENTE",IF($D43<=$K43,"A TIEMPO","FUERA DE TIEMPO"))) -> A TIEMPO
A44: MAULETH CRUZ YINETH PAOLA | B44: AUXILIAR DE COCINA | C44: CONTRATADO | D44: 46069 | E44: SEBASTIAN | F44: 46062 | G44: SUPERNUMERARIO | H44: GRANADOS CERVERA ROSA ANGELICA | K44: {=IF(OR($B44="",$F44=""),"",WORKDAY.INTL(IF(ISNUMBER($F44),$F44,FECHA.VALOR($F44)),IF(UPPER(TRIM($B44))="AUXILIAR DE COCINA",7,10),1,FESTIVOS!$D$3:$D$996))} -> 46071 | L44: =IF($F44="","",DATE(YEAR(EDATE($F44,IF(DAY($F44)>=17,1,0))),MONTH(EDATE($F44,IF(DAY($F44)>=17,1,0))),1)) -> 46054 | M44: =IF($K44="","",IF(OR($D44="",$D44<$F44),"PENDIENTE",IF($D44<=$K44,"A TIEMPO","FUERA DE TIEMPO"))) -> A TIEMPO
A45: SOTO AYALA JUAN CARLOS | B45: AUXILIAR DE COCINA | C45: CONTRATADO | D45: 46069 | E45: SEBASTIAN | F45: 46064 | G45: SUPERNUMERARIO | H45: QUIROZ OROZCO ANA MARIA | K45: {=IF(OR($B45="",$F45=""),"",WORKDAY.INTL(IF(ISNUMBER($F45),$F45,FECHA.VALOR($F45)),IF(UPPER(TRIM($B45))="AUXILIAR DE COCINA",7,10),1,FESTIVOS!$D$3:$D$996))} -> 46073 | L45: =IF($F45="","",DATE(YEAR(EDATE($F45,IF(DAY($F45)>=17,1,0))),MONTH(EDATE($F45,IF(DAY($F45)>=17,1,0))),1)) -> 46054 | M45: =IF($K45="","",IF(OR($D45="",$D45<$F45),"PENDIENTE",IF($D45<=$K45,"A TIEMPO","FUERA DE TIEMPO"))) -> A TIEMPO
A46: PACHECO MENDOZA YESICA MILENA | B46: AUXILIAR DE COCINA | C46: CONTRATADO | D46: 46069 | E46: SEBASTIAN | F46: 46064 | G46: SUPERNUMERARIO | H46: BUELVAS MADERA YURANIS YOENIS | K46: {=IF(OR($B46="",$F46=""),"",WORKDAY.INTL(IF(ISNUMBER($F46),$F46,FECHA.VALOR($F46)),IF(UPPER(TRIM($B46))="AUXILIAR DE COCINA",7,10),1,FESTIVOS!$D$3:$D$996))} -> 46073 | L46: =IF($F46="","",DATE(YEAR(EDATE($F46,IF(DAY($F46)>=17,1,0))),MONTH(EDATE($F46,IF(DAY($F46)>=17,1,0))),1)) -> 46054 | M46: =IF($K46="","",IF(OR($D46="",$D46<$F46),"PENDIENTE",IF($D46<=$K46,"A TIEMPO","FUERA DE TIEMPO"))) -> A TIEMPO
A47: RODRIGUEZ GARCIA DANNA VALENTINA | B47: AUXILIAR DE SERVICIO | C47: CONTRATADO | D47: 46072 | E47: JESUS | F47: 46069 | G47: SUPERNUMERARIO | H47: PEÑA RUIZ MARIA GABRIELA | K47: {=IF(OR($B47="",$F47=""),"",WORKDAY.INTL(IF(ISNUMBER($F47),$F47,FECHA.VALOR($F47)),IF(UPPER(TRIM($B47))="AUXILIAR DE COCINA",7,10),1,FESTIVOS!$D$3:$D$996))} -> 46083 | L47: =IF($F47="","",DATE(YEAR(EDATE($F47,IF(DAY($F47)>=17,1,0))),MONTH(EDATE($F47,IF(DAY($F47)>=17,1,0))),1)) -> 46054 | M47: =IF($K47="","",IF(OR($D47="",$D47<$F47),"PENDIENTE",IF($D47<=$K47,"A TIEMPO","FUERA DE TIEMPO"))) -> A TIEMPO
A48: ZAPATA CAICEDO MARI LUZ | B48: AUXILIAR DE COCINA | C48: CONTRATADO | D48: 46072 | E48: SEBASTIAN | F48: 46069 | G48: SUPERNUMERARIO | H48: PEÑA VALDES JHON JAIDER | K48: {=IF(OR($B48="",$F48=""),"",WORKDAY.INTL(IF(ISNUMBER($F48),$F48,FECHA.VALOR($F48)),IF(UPPER(TRIM($B48))="AUXILIAR DE COCINA",7,10),1,FESTIVOS!$D$3:$D$996))} -> 46078 | L48: =IF($F48="","",DATE(YEAR(EDATE($F48,IF(DAY($F48)>=17,1,0))),MONTH(EDATE($F48,IF(DAY($F48)>=17,1,0))),1)) -> 46054 | M48: =IF($K48="","",IF(OR($D48="",$D48<$F48),"PENDIENTE",IF($D48<=$K48,"A TIEMPO","FUERA DE TIEMPO"))) -> A TIEMPO
A49: DE LA ROSA RAMIREZ SANDRA PATRICIA | B49: AUXILIAR DE COCINA | C49: CONTRATADO | D49: 46073 | E49: SEBASTIAN | F49: 46069 | G49: SUPERNUMERARIO | H49: GAMBINO GUIZA SANTIAGO | K49: {=IF(OR($B49="",$F49=""),"",WORKDAY.INTL(IF(ISNUMBER($F49),$F49,FECHA.VALOR($F49)),IF(UPPER(TRIM($B49))="AUXILIAR DE COCINA",7,10),1,FESTIVOS!$D$3:$D$996))} -> 46078 | L49: =IF($F49="","",DATE(YEAR(EDATE($F49,IF(DAY($F49)>=17,1,0))),MONTH(EDATE($F49,IF(DAY($F49)>=17,1,0))),1)) -> 46054 | M49: =IF($K49="","",IF(OR($D49="",$D49<$F49),"PENDIENTE",IF($D49<=$K49,"A TIEMPO","FUERA DE TIEMPO"))) -> A TIEMPO
... A109: HERNANDEZ CARRILLO JONATHAN ENRIQUE | B109: AUXILIAR DE COCINA | C109: CONTRATADO | D109: 46163 | E109: SEBASTIAN | F109: 46154 | G109: SUPERNUMERARIO | H109: SOTO AYALA JUAN CARLOS | K109: {=IF(OR($B109="",$F109=""),"",WORKDAY.INTL(IF(ISNUMBER($F109),$F109,FECHA.VALOR($F109)),IF(UPPER(TRIM($B109))="AUXILIAR DE COCINA",7,10),1,FESTIVOS!$D$3:$D$996))} -> 46164 | L109: =IF($F109="","",DATE(YEAR(EDATE($F109,IF(DAY($F109)>=17,1,0))),MONTH(EDATE($F109,IF(DAY($F109)>=17,1,0))),1)) -> 46143 | M109: =IF($K109="","",IF(OR($D109="",$D109<$F109),"PENDIENTE",IF($D109<=$K109,"A TIEMPO","FUERA DE TIEMPO"))) -> A TIEMPO
A110: HERNANDEZ BASTARDO ESTEFANO EDUARDO | B110: AUXILIAR DE COCINA | C110: CONTRATADO | D110: 46167 | E110: SEBASTIAN | F110: 46154 | G110: SUPERNUMERARIO | H110: ROJAS VALENCIA ROBERTO CARLOS | K110: {=IF(OR($B110="",$F110=""),"",WORKDAY.INTL(IF(ISNUMBER($F110),$F110,FECHA.VALOR($F110)),IF(UPPER(TRIM($B110))="AUXILIAR DE COCINA",7,10),1,FESTIVOS!$D$3:$D$996))} -> 46164 | L110: =IF($F110="","",DATE(YEAR(EDATE($F110,IF(DAY($F110)>=17,1,0))),MONTH(EDATE($F110,IF(DAY($F110)>=17,1,0))),1)) -> 46143 | M110: =IF($K110="","",IF(OR($D110="",$D110<$F110),"PENDIENTE",IF($D110<=$K110,"A TIEMPO","FUERA DE TIEMPO"))) -> FUERA DE TIEMPO | N110: Se cumple pero por temas de dotacion ingresan 8 dias despues, aparte de ser reportados mucho dias despues por administrador
A111: HERNANDEZ CARRILLO JONATHAN ENRIQUE | B111: AUXILIAR DE COCINA | C111: CONTRATADO | D111: 46167 | E111: SEBASTIAN | F111: 46154 | G111: SUPERNUMERARIO | H111: ALONSO BRICEÑO LEIDY XIMENA | K111: {=IF(OR($B111="",$F111=""),"",WORKDAY.INTL(IF(ISNUMBER($F111),$F111,FECHA.VALOR($F111)),IF(UPPER(TRIM($B111))="AUXILIAR DE COCINA",7,10),1,FESTIVOS!$D$3:$D$996))} -> 46164 | L111: =IF($F111="","",DATE(YEAR(EDATE($F111,IF(DAY($F111)>=17,1,0))),MONTH(EDATE($F111,IF(DAY($F111)>=17,1,0))),1)) -> 46143 | M111: =IF($K111="","",IF(OR($D111="",$D111<$F111),"PENDIENTE",IF($D111<=$K111,"A TIEMPO","FUERA DE TIEMPO"))) -> FUERA DE TIEMPO | N111: Se cumple pero por temas de dotacion ingresan 8 dias despues, aparte de ser reportados mucho dias despues por administrador
A112: LOPEZ TOQUICA LUIS JOSUE | B112: AUXILIAR DE COCINA | C112: CONTRATADO | D112: 46170 | E112: SEBASTIAN | F112: 46156 | G112: TITAN | H112: NIETO PRIETO INGRID JULIETH | K112: {=IF(OR($B112="",$F112=""),"",WORKDAY.INTL(IF(ISNUMBER($F112),$F112,FECHA.VALOR($F112)),IF(UPPER(TRIM($B112))="AUXILIAR DE COCINA",7,10),1,FESTIVOS!$D$3:$D$996))} -> 46168 | L112: =IF($F112="","",DATE(YEAR(EDATE($F112,IF(DAY($F112)>=17,1,0))),MONTH(EDATE($F112,IF(DAY($F112)>=17,1,0))),1)) -> 46143 | M112: =IF($K112="","",IF(OR($D112="",$D112<$F112),"PENDIENTE",IF($D112<=$K112,"A TIEMPO","FUERA DE TIEMPO"))) -> FUERA DE TIEMPO | N112: Se cumple pero por temas de dotacion ingresan 8 dias despues, aparte de ser reportados mucho dias despues por administrador
A113: BELEÑO CAICEDO JHONATAN DAVID | B113: AUXILIAR DE COCINA | C113: CONTRATADO | D113: 46170 | E113: SEBASTIAN | F113: 46156 | G113: UNICENTRO | H113: RODRIGUEZ CASTILLO MARTA CATALINA | K113: {=IF(OR($B113="",$F113=""),"",WORKDAY.INTL(IF(ISNUMBER($F113),$F113,FECHA.VALOR($F113)),IF(UPPER(TRIM($B113))="AUXILIAR DE COCINA",7,10),1,FESTIVOS!$D$3:$D$996))} -> 46168 | L113: =IF($F113="","",DATE(YEAR(EDATE($F113,IF(DAY($F113)>=17,1,0))),MONTH(EDATE($F113,IF(DAY($F113)>=17,1,0))),1)) -> 46143 | M113: =IF($K113="","",IF(OR($D113="",$D113<$F113),"PENDIENTE",IF($D113<=$K113,"A TIEMPO","FUERA DE TIEMPO"))) -> FUERA DE TIEMPO | N113: Se cumple pero por temas de dotacion ingresan 8 dias despues, aparte de ser reportados mucho dias despues por administrador
A114: GUANARES DANIEL CARMEN MARIA | B114: AUXILIAR DE COCINA | C114: CONTRATADO | D114: 46170 | E114: SEBASTIAN | F114: 46161 | G114: UNICENTRO | H114: MURIEL RODRIGUEZ JEFERSSON MURIEL | K114: {=IF(OR($B114="",$F114=""),"",WORKDAY.INTL(IF(ISNUMBER($F114),$F114,FECHA.VALOR($F114)),IF(UPPER(TRIM($B114))="AUXILIAR DE COCINA",7,10),1,FESTIVOS!$D$3:$D$996))} -> 46170 | L114: =IF($F114="","",DATE(YEAR(EDATE($F114,IF(DAY($F114)>=17,1,0))),MONTH(EDATE($F114,IF(DAY($F114)>=17,1,0))),1)) -> 46174 | M114: =IF($K114="","",IF(OR($D114="",$D114<$F114),"PENDIENTE",IF($D114<=$K114,"A TIEMPO","FUERA DE TIEMPO"))) -> A TIEMPO
A115: ESCALANTE LEON ANDREA CAROLINA | B115: AUXILIAR DE COCINA | C115: CONTRATADO | D115: 46170 | E115: SEBASTIAN | F115: 46161 | G115: SUPERNUMERARIO | H115: ROMERO OSPINO LIZETH CAROLINA | K115: {=IF(OR($B115="",$F115=""),"",WORKDAY.INTL(IF(ISNUMBER($F115),$F115,FECHA.VALOR($F115)),IF(UPPER(TRIM($B115))="AUXILIAR DE COCINA",7,10),1,FESTIVOS!$D$3:$D$996))} -> 46170 | L115: =IF($F115="","",DATE(YEAR(EDATE($F115,IF(DAY($F115)>=17,1,0))),MONTH(EDATE($F115,IF(DAY($F115)>=17,1,0))),1)) -> 46174 | M115: =IF($K115="","",IF(OR($D115="",$D115<$F115),"PENDIENTE",IF($D115<=$K115,"A TIEMPO","FUERA DE TIEMPO"))) -> A TIEMPO
A116: ARAUJO SANTOS JOSE FERNANDO | B116: AUXILIAR DE COCINA | C116: CONTRATADO | D116: 46170 | E116: SEBASTIAN | F116: 46161 | G116: PLAZA DE LAS AMERICAS | H116: PINZON AVILA DANIEL CAMILO | K116: {=IF(OR($B116="",$F116=""),"",WORKDAY.INTL(IF(ISNUMBER($F116),$F116,FECHA.VALOR($F116)),IF(UPPER(TRIM($B116))="AUXILIAR DE COCINA",7,10),1,FESTIVOS!$D$3:$D$996))} -> 46170 | L116: =IF($F116="","",DATE(YEAR(EDATE($F116,IF(DAY($F116)>=17,1,0))),MONTH(EDATE($F116,IF(DAY($F116)>=17,1,0))),1)) -> 46174 | M116: =IF($K116="","",IF(OR($D116="",$D116<$F116),"PENDIENTE",IF($D116<=$K116,"A TIEMPO","FUERA DE TIEMPO"))) -> A TIEMPO
A117: VILLEGAS CARRILLO CARMEN ALEJANDRA | B117: AUXILIAR DE COCINA | C117: CONTRATADO | D117: 46170 | E117: SEBASTIAN | F117: 46161 | G117: SUPERNUMERARIO | H117: LLERENE NEGRETE ASHLY CAROLINA | K117: {=IF(OR($B117="",$F117=""),"",WORKDAY.INTL(IF(ISNUMBER($F117),$F117,FECHA.VALOR($F117)),IF(UPPER(TRIM($B117))="AUXILIAR DE COCINA",7,10),1,FESTIVOS!$D$3:$D$996))} -> 46170 | L117: =IF($F117="","",DATE(YEAR(EDATE($F117,IF(DAY($F117)>=17,1,0))),MONTH(EDATE($F117,IF(DAY($F117)>=17,1,0))),1)) -> 46174 | M117: =IF($K117="","",IF(OR($D117="",$D117<$F117),"PENDIENTE",IF($D117<=$K117,"A TIEMPO","FUERA DE TIEMPO"))) -> A TIEMPO
A118: SUBERO FIGUEROA ROSANGEL MARIA | B118: AUXILIAR DE COCINA | C118: CONTRATADO | D118: 46170 | E118: SEBASTIAN | F118: 46161 | G118: UNICENTRO | H118: DURAN VERA JUAN ANDRES | K118: {=IF(OR($B118="",$F118=""),"",WORKDAY.INTL(IF(ISNUMBER($F118),$F118,FECHA.VALOR($F118)),IF(UPPER(TRIM($B118))="AUXILIAR DE COCINA",7,10),1,FESTIVOS!$D$3:$D$996))} -> 46170 | L118: =IF($F118="","",DATE(YEAR(EDATE($F118,IF(DAY($F118)>=17,1,0))),MONTH(EDATE($F118,IF(DAY($F118)>=17,1,0))),1)) -> 46174 | M118: =IF($K118="","",IF(OR($D118="",$D118<$F118),"PENDIENTE",IF($D118<=$K118,"A TIEMPO","FUERA DE TIEMPO"))) -> A TIEMPO
A119: SUAREZ PULIDO MEGAN SOFIA | B119: AUXILIAR DE SERVICIO | C119: CONTRATADO | D119: 46163 | E119: JESUS | F119: 46162 | G119: UNICENTRO | H119: MELENDEZ PEÑALOZA KENDRIS PAOLA | K119: {=IF(OR($B119="",$F119=""),"",WORKDAY.INTL(IF(ISNUMBER($F119),$F119,FECHA.VALOR($F119)),IF(UPPER(TRIM($B119))="AUXILIAR DE COCINA",7,10),1,FESTIVOS!$D$3:$D$996))} -> 46176 | L119: =IF($F119="","",DATE(YEAR(EDATE($F119,IF(DAY($F119)>=17,1,0))),MONTH(EDATE($F119,IF(DAY($F119)>=17,1,0))),1)) -> 46174 | M119: =IF($K119="","",IF(OR($D119="",$D119<$F119),"PENDIENTE",IF($D119<=$K119,"A TIEMPO","FUERA DE TIEMPO"))) -> A TIEMPO
A120: ESCOBAR MONTERO ANYELA MERCEDES | B120: AUXILIAR DE COCINA | C120: CONTRATADO | D120: 46170 | E120: SEBASTIAN | F120: 46162 | G120: TITAN | H120: GALINDO ZULLY ANDREA | K120: {=IF(OR($B120="",$F120=""),"",WORKDAY.INTL(IF(ISNUMBER($F120),$F120,FECHA.VALOR($F120)),IF(UPPER(TRIM($B120))="AUXILIAR DE COCINA",7,10),1,FESTIVOS!$D$3:$D$996))} -> 46171 | L120: =IF($F120="","",DATE(YEAR(EDATE($F120,IF(DAY($F120)>=17,1,0))),MONTH(EDATE($F120,IF(DAY($F120)>=17,1,0))),1)) -> 46174 | M120: =IF($K120="","",IF(OR($D120="",$D120<$F120),"PENDIENTE",IF($D120<=$K120,"A TIEMPO","FUERA DE TIEMPO"))) -> A TIEMPO
A121: RIASCOS OLMEDO BEATRIZ | B121: AUXILIAR DE COCINA | C121: CONTRATADO | D121: 46177 | E121: SEBASTIAN | F121: 46162 | G121: PLAZA DE LAS AMERICAS | H121: AGUIAR ARBELAEZ NEVER ANDRES | K121: {=IF(OR($B121="",$F121=""),"",WORKDAY.INTL(IF(ISNUMBER($F121),$F121,FECHA.VALOR($F121)),IF(UPPER(TRIM($B121))="AUXILIAR DE COCINA",7,10),1,FESTIVOS!$D$3:$D$996))} -> 46171 | L121: =IF($F121="","",DATE(YEAR(EDATE($F121,IF(DAY($F121)>=17,1,0))),MONTH(EDATE($F121,IF(DAY($F121)>=17,1,0))),1)) -> 46174 | M121: =IF($K121="","",IF(OR($D121="",$D121<$F121),"PENDIENTE",IF($D121<=$K121,"A TIEMPO","FUERA DE TIEMPO"))) -> FUERA DE TIEMPO | N121: Se cumple pero por temas de dotacion ingresan 8 dias despues, aparte de ser reportados mucho dias despues por administrador
A122: SOLIS RAMOS MARIA ISODENIS | B122: AUXILIAR DE COCINA | C122: CONTRATADO | D122: 46177 | E122: SEBASTIAN | F122: 46162 | G122: SUPERNUMERARIO | H122: ZUÑIGA CAMPO YASLEIDIS | K122: {=IF(OR($B122="",$F122=""),"",WORKDAY.INTL(IF(ISNUMBER($F122),$F122,FECHA.VALOR($F122)),IF(UPPER(TRIM($B122))="AUXILIAR DE COCINA",7,10),1,FESTIVOS!$D$3:$D$996))} -> 46171 | L122: =IF($F122="","",DATE(YEAR(EDATE($F122,IF(DAY($F122)>=17,1,0))),MONTH(EDATE($F122,IF(DAY($F122)>=17,1,0))),1)) -> 46174 | M122: =IF($K122="","",IF(OR($D122="",$D122<$F122),"PENDIENTE",IF($D122<=$K122,"A TIEMPO","FUERA DE TIEMPO"))) -> FUERA DE TIEMPO | N122: Se cumple pero por temas de dotacion ingresan 8 dias despues, aparte de ser reportados mucho dias despues por administrador
A123: RODRIGUEZ SAAVEDRA JOSE LUIS | B123: AUXILIAR DE COCINA | C123: CONTRATADO | D123: 46177 | E123: JESUS | F123: 46167 | G123: UNICENTRO | H123: RONCANCIO GUTIERREZ JEFREY STIVEN | K123: {=IF(OR($B123="",$F123=""),"",WORKDAY.INTL(IF(ISNUMBER($F123),$F123,FECHA.VALOR($F123)),IF(UPPER(TRIM($B123))="AUXILIAR DE COCINA",7,10),1,FESTIVOS!$D$3:$D$996))} -> 46176 | L123: =IF($F123="","",DATE(YEAR(EDATE($F123,IF(DAY($F123)>=17,1,0))),MONTH(EDATE($F123,IF(DAY($F123)>=17,1,0))),1)) -> 46174 | M123: =IF($K123="","",IF(OR($D123="",$D123<$F123),"PENDIENTE",IF($D123<=$K123,"A TIEMPO","FUERA DE TIEMPO"))) -> FUERA DE TIEMPO | N123: Se cumple pero por temas de dotacion ingresan 8 dias despues, aparte de ser reportados mucho dias despues por administrador
A124: OROZCO QUINTERO ANDERSON DANILO | B124: AUXILIAR DE COCINA | C124: CONTRATADO | D124: 46177 | E124: JESUS | F124: 46167 | G124: UNICENTRO | H124: SUAREZ MOGOLLON CRISTIAN CAMILO | K124: {=IF(OR($B124="",$F124=""),"",WORKDAY.INTL(IF(ISNUMBER($F124),$F124,FECHA.VALOR($F124)),IF(UPPER(TRIM($B124))="AUXILIAR DE COCINA",7,10),1,FESTIVOS!$D$3:$D$996))} -> 46176 | L124: =IF($F124="","",DATE(YEAR(EDATE($F124,IF(DAY($F124)>=17,1,0))),MONTH(EDATE($F124,IF(DAY($F124)>=17,1,0))),1)) -> 46174 | M124: =IF($K124="","",IF(OR($D124="",$D124<$F124),"PENDIENTE",IF($D124<=$K124,"A TIEMPO","FUERA DE TIEMPO"))) -> FUERA DE TIEMPO | N124: Se cumple pero por temas de dotacion ingresan 8 dias despues, aparte de ser reportados mucho dias despues por administrador
A125: BOLIVAR LOPEZ NIKOL ALEJANDRA | B125: AUXILIAR DE SERVICIO | C125: CONTRATADO | D125: 46170 | E125: JESUS | F125: 46168 | G125: SUPERNUMERARIO | H125: SUAREZ PULIDO MEGAN SOFIA | K125: {=IF(OR($B125="",$F125=""),"",WORKDAY.INTL(IF(ISNUMBER($F125),$F125,FECHA.VALOR($F125)),IF(UPPER(TRIM($B125))="AUXILIAR DE COCINA",7,10),1,FESTIVOS!$D$3:$D$996))} -> 46183 | L125: =IF($F125="","",DATE(YEAR(EDATE($F125,IF(DAY($F125)>=17,1,0))),MONTH(EDATE($F125,IF(DAY($F125)>=17,1,0))),1)) -> 46174 | M125: =IF($K125="","",IF(OR($D125="",$D125<$F125),"PENDIENTE",IF($D125<=$K125,"A TIEMPO","FUERA DE TIEMPO"))) -> A TIEMPO
A126: LEGUIZAMON ACOSTA CAMILO ANDRES | B126: AUXILIAR DE COCINA | C126: CONTRATADO | D126: 46177 | E126: SEBASTIAN | F126: 46169 | G126: PLAZA DE LAS AMERICAS | H126: VARGAS QUIROGA DAVID SANTIAGO | K126: {=IF(OR($B126="",$F126=""),"",WORKDAY.INTL(IF(ISNUMBER($F126),$F126,FECHA.VALOR($F126)),IF(UPPER(TRIM($B126))="AUXILIAR DE COCINA",7,10),1,FESTIVOS!$D$3:$D$996))} -> 46178 | L126: =IF($F126="","",DATE(YEAR(EDATE($F126,IF(DAY($F126)>=17,1,0))),MONTH(EDATE($F126,IF(DAY($F126)>=17,1,0))),1)) -> 46174 | M126: =IF($K126="","",IF(OR($D126="",$D126<$F126),"PENDIENTE",IF($D126<=$K126,"A TIEMPO","FUERA DE TIEMPO"))) -> A TIEMPO
A127: GALEANO DIAZ EDNA ROCIO | B127: AUXILIAR DE COCINA | C127: CONTRATADO | D127: 46184 | E127: SEBASTIAN | F127: 46169 | G127: SUPERNUMERARIO | H127: HERNANDEZ CARRILLO JONATHAN ENRIQUE | K127: {=IF(OR($B127="",$F127=""),"",WORKDAY.INTL(IF(ISNUMBER($F127),$F127,FECHA.VALOR($F127)),IF(UPPER(TRIM($B127))="AUXILIAR DE COCINA",7,10),1,FESTIVOS!$D$3:$D$996))} -> 46178 | L127: =IF($F127="","",DATE(YEAR(EDATE($F127,IF(DAY($F127)>=17,1,0))),MONTH(EDATE($F127,IF(DAY($F127)>=17,1,0))),1)) -> 46174 | M127: =IF($K127="","",IF(OR($D127="",$D127<$F127),"PENDIENTE",IF($D127<=$K127,"A TIEMPO","FUERA DE TIEMPO"))) -> FUERA DE TIEMPO | N127: se cumple pero por dotacion se estan ingresando 8 dias despues
A128: BARRIOS PEREZ SIMON ANDRES | B128: AUXILIAR DE COCINA | C128: CONTRATADO | D128: 46184 | E128: SEBASTIAN | F128: 46174 | G128: SUPERNUMERARIO | H128: ESCALANTE LEON ANDREA CAROLINA | K128: {=IF(OR($B128="",$F128=""),"",WORKDAY.INTL(IF(ISNUMBER($F128),$F128,FECHA.VALOR($F128)),IF(UPPER(TRIM($B128))="AUXILIAR DE COCINA",7,10),1,FESTIVOS!$D$3:$D$996))} -> 46184 | L128: =IF($F128="","",DATE(YEAR(EDATE($F128,IF(DAY($F128)>=17,1,0))),MONTH(EDATE($F128,IF(DAY($F128)>=17,1,0))),1)) -> 46174 | M128: =IF($K128="","",IF(OR($D128="",$D128<$F128),"PENDIENTE",IF($D128<=$K128,"A TIEMPO","FUERA DE TIEMPO"))) -> A TIEMPO
A129: PEÑALOZA SUAREZ VIVIANA CAROLINA | B129: AUXILIAR DE COCINA | C129: CONTRATADO | D129: 46184 | E129: SEBASTIAN | F129: 46174 | G129: SUPERNUMERARIO | H129: SUBERO FIGUEROA ROSANGEL MARIA | K129: {=IF(OR($B129="",$F129=""),"",WORKDAY.INTL(IF(ISNUMBER($F129),$F129,FECHA.VALOR($F129)),IF(UPPER(TRIM($B129))="AUXILIAR DE COCINA",7,10),1,FESTIVOS!$D$3:$D$996))} -> 46184 | L129: =IF($F129="","",DATE(YEAR(EDATE($F129,IF(DAY($F129)>=17,1,0))),MONTH(EDATE($F129,IF(DAY($F129)>=17,1,0))),1)) -> 46174 | M129: =IF($K129="","",IF(OR($D129="",$D129<$F129),"PENDIENTE",IF($D129<=$K129,"A TIEMPO","FUERA DE TIEMPO"))) -> A TIEMPO
A130: CORREA DE ARCO ELIANA MARGARITA | B130: AUXILIAR DE COCINA | C130: CONTRATADO | D130: 46191 | E130: JESUS | F130: 46174 | G130: COLINA | H130: RAMÍREZ ÁLVAREZ JUNIOR DANIEL | K130: {=IF(OR($B130="",$F130=""),"",WORKDAY.INTL(IF(ISNUMBER($F130),$F130,FECHA.VALOR($F130)),IF(UPPER(TRIM($B130))="AUXILIAR DE COCINA",7,10),1,FESTIVOS!$D$3:$D$996))} -> 46184 | L130: =IF($F130="","",DATE(YEAR(EDATE($F130,IF(DAY($F130)>=17,1,0))),MONTH(EDATE($F130,IF(DAY($F130)>=17,1,0))),1)) -> 46174 | M130: =IF($K130="","",IF(OR($D130="",$D130<$F130),"PENDIENTE",IF($D130<=$K130,"A TIEMPO","FUERA DE TIEMPO"))) -> FUERA DE TIEMPO | N130: se cumple pero por dotacion se estan ingresando 8 dias despues
A131: MARIMON DIAZ BRAYAN ANDRES | B131: AUXILIAR DE COCINA | C131: CONTRATADO | D131: 46191 | E131: SEBASTIAN | F131: 46174 | G131: SUPERNUMERARIO | H131: MENDOZA MORALES KARLA ESTEFANIA | K131: {=IF(OR($B131="",$F131=""),"",WORKDAY.INTL(IF(ISNUMBER($F131),$F131,FECHA.VALOR($F131)),IF(UPPER(TRIM($B131))="AUXILIAR DE COCINA",7,10),1,FESTIVOS!$D$3:$D$996))} -> 46184 | L131: =IF($F131="","",DATE(YEAR(EDATE($F131,IF(DAY($F131)>=17,1,0))),MONTH(EDATE($F131,IF(DAY($F131)>=17,1,0))),1)) -> 46174 | M131: =IF($K131="","",IF(OR($D131="",$D131<$F131),"PENDIENTE",IF($D131<=$K131,"A TIEMPO","FUERA DE TIEMPO"))) -> FUERA DE TIEMPO | N131: se cumple pero por dotacion se estan ingresando 8 dias despues
A132: PACHON RAMOS DAYANA PAOLA | B132: AUXILIAR DE COCINA | C132: CONTRATADO | D132: 46191 | E132: SEBASTIAN | F132: 46174 | G132: SUPERNUMERARIO | H132: BELEÑO CAICEDO JHONATAN DAVID | K132: {=IF(OR($B132="",$F132=""),"",WORKDAY.INTL(IF(ISNUMBER($F132),$F132,FECHA.VALOR($F132)),IF(UPPER(TRIM($B132))="AUXILIAR DE COCINA",7,10),1,FESTIVOS!$D$3:$D$996))} -> 46184 | L132: =IF($F132="","",DATE(YEAR(EDATE($F132,IF(DAY($F132)>=17,1,0))),MONTH(EDATE($F132,IF(DAY($F132)>=17,1,0))),1)) -> 46174 | M132: =IF($K132="","",IF(OR($D132="",$D132<$F132),"PENDIENTE",IF($D132<=$K132,"A TIEMPO","FUERA DE TIEMPO"))) -> FUERA DE TIEMPO | N132: se cumple pero por dotacion se estan ingresando 8 dias despues
A133: ARANGO MOSQUERA JHON DANNY | B133: AUXILIAR DE COCINA | C133: CONTRATADO | D133: 46198 | E133: SEBASTIAN | F133: 46189 | G133: SUPERNUMERARIO | H133: ARAUJO SANTOS JOSE FERNANDO | K133: {=IF(OR($B133="",$F133=""),"",WORKDAY.INTL(IF(ISNUMBER($F133),$F133,FECHA.VALOR($F133)),IF(UPPER(TRIM($B133))="AUXILIAR DE COCINA",7,10),1,FESTIVOS!$D$3:$D$996))} -> 46198 | L133: =IF($F133="","",DATE(YEAR(EDATE($F133,IF(DAY($F133)>=17,1,0))),MONTH(EDATE($F133,IF(DAY($F133)>=17,1,0))),1)) -> 46174 | M133: =IF($K133="","",IF(OR($D133="",$D133<$F133),"PENDIENTE",IF($D133<=$K133,"A TIEMPO","FUERA DE TIEMPO"))) -> A TIEMPO
A134: CANTILLO PERALTA IRINA PAOLA | B134: AUXILIAR DE COCINA | C134: CONTRATADO | D134: 46198 | E134: JESUS | F134: 46189 | G134: SUPERNUMERARIO | H134: RODRIGUEZ SAAVEDRA JOSE LUIS | K134: {=IF(OR($B134="",$F134=""),"",WORKDAY.INTL(IF(ISNUMBER($F134),$F134,FECHA.VALOR($F134)),IF(UPPER(TRIM($B134))="AUXILIAR DE COCINA",7,10),1,FESTIVOS!$D$3:$D$996))} -> 46198 | L134: =IF($F134="","",DATE(YEAR(EDATE($F134,IF(DAY($F134)>=17,1,0))),MONTH(EDATE($F134,IF(DAY($F134)>=17,1,0))),1)) -> 46174 | M134: =IF($K134="","",IF(OR($D134="",$D134<$F134),"PENDIENTE",IF($D134<=$K134,"A TIEMPO","FUERA DE TIEMPO"))) -> A TIEMPO
A135: MARTINEZ RODRIGUEZ BLANCA CECILIA | B135: AUXILIAR DE SERVICIO | C135: CONTRATADO | D135: 46191 | E135: JESUS | F135: 46189 | G135: COLINA | H135: SANTA CARLOS ALBERTO | K135: {=IF(OR($B135="",$F135=""),"",WORKDAY.INTL(IF(ISNUMBER($F135),$F135,FECHA.VALOR($F135)),IF(UPPER(TRIM($B135))="AUXILIAR DE COCINA",7,10),1,FESTIVOS!$D$3:$D$996))} -> 46204 | L135: =IF($F135="","",DATE(YEAR(EDATE($F135,IF(DAY($F135)>=17,1,0))),MONTH(EDATE($F135,IF(DAY($F135)>=17,1,0))),1)) -> 46174 | M135: =IF($K135="","",IF(OR($D135="",$D135<$F135),"PENDIENTE",IF($D135<=$K135,"A TIEMPO","FUERA DE TIEMPO"))) -> A TIEMPO
A136: MARQUEZ LARA JULIETH | B136: AUXILIAR DE SERVICIO | C136: CONTRATADO | D136: 46191 | E136: JESUS | F136: 46189 | G136: PLAZA CENTRAL | H136: CORTES SUAREZ GREINS DAMARIS | K136: {=IF(OR($B136="",$F136=""),"",WORKDAY.INTL(IF(ISNUMBER($F136),$F136,FECHA.VALOR($F136)),IF(UPPER(TRIM($B136))="AUXILIAR DE COCINA",7,10),1,FESTIVOS!$D$3:$D$996))} -> 46204 | L136: =IF($F136="","",DATE(YEAR(EDATE($F136,IF(DAY($F136)>=17,1,0))),MONTH(EDATE($F136,IF(DAY($F136)>=17,1,0))),1)) -> 46174 | M136: =IF($K136="","",IF(OR($D136="",$D136<$F136),"PENDIENTE",IF($D136<=$K136,"A TIEMPO","FUERA DE TIEMPO"))) -> A TIEMPO
A137: PINEDA PINEDA RUTH JULIANA | B137: AUXILIAR DE SERVICIO | C137: CONTRATADO | D137: 46198 | E137: SEBASTIAN | F137: 46189 | G137: SUPERNUMERARIO | H137: ORTIZ SANCHEZ DIANA YINED | K137: {=IF(OR($B137="",$F137=""),"",WORKDAY.INTL(IF(ISNUMBER($F137),$F137,FECHA.VALOR($F137)),IF(UPPER(TRIM($B137))="AUXILIAR DE COCINA",7,10),1,FESTIVOS!$D$3:$D$996))} -> 46204 | L137: =IF($F137="","",DATE(YEAR(EDATE($F137,IF(DAY($F137)>=17,1,0))),MONTH(EDATE($F137,IF(DAY($F137)>=17,1,0))),1)) -> 46174 | M137: =IF($K137="","",IF(OR($D137="",$D137<$F137),"PENDIENTE",IF($D137<=$K137,"A TIEMPO","FUERA DE TIEMPO"))) -> A TIEMPO
A138: VALBUENA RINCON JUAN SEBASTIAN | B138: AUXILIAR DE COCINA | C138: CONTRATADO | D138: 46198 | E138: SEBASTIAN | F138: 46189 | G138: SUPERNUMERARIO | H138: PEÑALOZA SUAREZ VIVIANA CAROLINA | K138: {=IF(OR($B138="",$F138=""),"",WORKDAY.INTL(IF(ISNUMBER($F138),$F138,FECHA.VALOR($F138)),IF(UPPER(TRIM($B138))="AUXILIAR DE COCINA",7,10),1,FESTIVOS!$D$3:$D$996))} -> 46198 | L138: =IF($F138="","",DATE(YEAR(EDATE($F138,IF(DAY($F138)>=17,1,0))),MONTH(EDATE($F138,IF(DAY($F138)>=17,1,0))),1)) -> 46174 | M138: =IF($K138="","",IF(OR($D138="",$D138<$F138),"PENDIENTE",IF($D138<=$K138,"A TIEMPO","FUERA DE TIEMPO"))) -> A TIEMPO
A139: IZASA LOPEZ LINA PAOLA | B139: AUXILIAR DE COCINA | C139: CONTRATADO | D139: 46198 | E139: SEBASTIAN | F139: 46189 | G139: SUPERNUMERARIO | H139: GALEANO DIAZ EDNA ROCIO | K139: {=IF(OR($B139="",$F139=""),"",WORKDAY.INTL(IF(ISNUMBER($F139),$F139,FECHA.VALOR($F139)),IF(UPPER(TRIM($B139))="AUXILIAR DE COCINA",7,10),1,FESTIVOS!$D$3:$D$996))} -> 46198 | L139: =IF($F139="","",DATE(YEAR(EDATE($F139,IF(DAY($F139)>=17,1,0))),MONTH(EDATE($F139,IF(DAY($F139)>=17,1,0))),1)) -> 46174 | M139: =IF($K139="","",IF(OR($D139="",$D139<$F139),"PENDIENTE",IF($D139<=$K139,"A TIEMPO","FUERA DE TIEMPO"))) -> A TIEMPO
A140: MARTINEZ BRACAMONTE ESTEFANIA | B140: AUXILIAR DE COCINA | C140: CONTRATADO | D140: 46198 | E140: SEBASTIAN | F140: 46191 | G140: SUPERNUMERARIO | H140: OROZCO QUINTERO ANDERSON DANILO | K140: {=IF(OR($B140="",$F140=""),"",WORKDAY.INTL(IF(ISNUMBER($F140),$F140,FECHA.VALOR($F140)),IF(UPPER(TRIM($B140))="AUXILIAR DE COCINA",7,10),1,FESTIVOS!$D$3:$D$996))} -> 46203 | L140: =IF($F140="","",DATE(YEAR(EDATE($F140,IF(DAY($F140)>=17,1,0))),MONTH(EDATE($F140,IF(DAY($F140)>=17,1,0))),1)) -> 46204 | M140: =IF($K140="","",IF(OR($D140="",$D140<$F140),"PENDIENTE",IF($D140<=$K140,"A TIEMPO","FUERA DE TIEMPO"))) -> A TIEMPO
A141: VIAFARA QUINTERO GERALDINE | B141: AUXILIAR DE COCINA | C141: CONTRATADO | D141: 46203 | E141: JESUS | F141: 46191 | G141: SUPERNUMERARIO | H141: ORTIZ MOLINA ALBERTO RAFAEL | K141: {=IF(OR($B141="",$F141=""),"",WORKDAY.INTL(IF(ISNUMBER($F141),$F141,FECHA.VALOR($F141)),IF(UPPER(TRIM($B141))="AUXILIAR DE COCINA",7,10),1,FESTIVOS!$D$3:$D$996))} -> 46203 | L141: =IF($F141="","",DATE(YEAR(EDATE($F141,IF(DAY($F141)>=17,1,0))),MONTH(EDATE($F141,IF(DAY($F141)>=17,1,0))),1)) -> 46204 | M141: =IF($K141="","",IF(OR($D141="",$D141<$F141),"PENDIENTE",IF($D141<=$K141,"A TIEMPO","FUERA DE TIEMPO"))) -> A TIEMPO
A142: LARA BUSTAMANTE AURA CECILIA | B142: AUXILIAR DE COCINA | C142: CONTRATADO | D142: 46205 | E142: SEBASTIAN | F142: 46191 | G142: SUPERNUMERARIO | H142: MARTINEZ BRACAMONTE ESTEFANIA | K142: {=IF(OR($B142="",$F142=""),"",WORKDAY.INTL(IF(ISNUMBER($F142),$F142,FECHA.VALOR($F142)),IF(UPPER(TRIM($B142))="AUXILIAR DE COCINA",7,10),1,FESTIVOS!$D$3:$D$996))} -> 46203 | L142: =IF($F142="","",DATE(YEAR(EDATE($F142,IF(DAY($F142)>=17,1,0))),MONTH(EDATE($F142,IF(DAY($F142)>=17,1,0))),1)) -> 46204 | M142: =IF($K142="","",IF(OR($D142="",$D142<$F142),"PENDIENTE",IF($D142<=$K142,"A TIEMPO","FUERA DE TIEMPO"))) -> FUERA DE TIEMPO | N142: Temas de dotacion
A143: ANAYA FANCO CAMILA | B143: AUXILIAR DE SERVICIO | C143: CONTRATADO | D143: 46198 | E143: JESUS | F143: 46194 | G143: SUPERNUMERARIO | H143: ACOSTA FERNANDEZ MICHEL ALBERTO | K143: {=IF(OR($B143="",$F143=""),"",WORKDAY.INTL(IF(ISNUMBER($F143),$F143,FECHA.VALOR($F143)),IF(UPPER(TRIM($B143))="AUXILIAR DE COCINA",7,10),1,FESTIVOS!$D$3:$D$996))} -> 46209 | L143: =IF($F143="","",DATE(YEAR(EDATE($F143,IF(DAY($F143)>=17,1,0))),MONTH(EDATE($F143,IF(DAY($F143)>=17,1,0))),1)) -> 46204 | M143: =IF($K143="","",IF(OR($D143="",$D143<$F143),"PENDIENTE",IF($D143<=$K143,"A TIEMPO","FUERA DE TIEMPO"))) -> A TIEMPO
A144: PENAGOS HEREDIA KEVIN DAVID | B144: LIDER DE COCINA JUNIOR | C144: CONTRATADO | D144: 46205 | E144: SEBASTIAN | F144: 46199 | G144: SANTA FE | H144: ORTEGA LOZANO VICTOR DANILO | K144: {=IF(OR($B144="",$F144=""),"",WORKDAY.INTL(IF(ISNUMBER($F144),$F144,FECHA.VALOR($F144)),IF(UPPER(TRIM($B144))="AUXILIAR DE COCINA",7,10),1,FESTIVOS!$D$3:$D$996))} -> 46216 | L144: =IF($F144="","",DATE(YEAR(EDATE($F144,IF(DAY($F144)>=17,1,0))),MONTH(EDATE($F144,IF(DAY($F144)>=17,1,0))),1)) -> 46204 | M144: =IF($K144="","",IF(OR($D144="",$D144<$F144),"PENDIENTE",IF($D144<=$K144,"A TIEMPO","FUERA DE TIEMPO"))) -> A TIEMPO
A145: BETANCOURT VEGA JAMES | B145: AUXILIAR DE COCINA | C145: CONTRATADO | D145: 46209 | E145: SEBASTIAN | F145: 46198 | G145: SUPERNUMERARIO | H145: LEGUIZAMON ACOSTA CAMILO ANDRES | K145: {=IF(OR($B145="",$F145=""),"",WORKDAY.INTL(IF(ISNUMBER($F145),$F145,FECHA.VALOR($F145)),IF(UPPER(TRIM($B145))="AUXILIAR DE COCINA",7,10),1,FESTIVOS!$D$3:$D$996))} -> 46210 | L145: =IF($F145="","",DATE(YEAR(EDATE($F145,IF(DAY($F145)>=17,1,0))),MONTH(EDATE($F145,IF(DAY($F145)>=17,1,0))),1)) -> 46204 | M145: =IF($K145="","",IF(OR($D145="",$D145<$F145),"PENDIENTE",IF($D145<=$K145,"A TIEMPO","FUERA DE TIEMPO"))) -> A TIEMPO
A146: LARA ROJAS SANDI PATRICIA | B146: AUXILIAR DE COCINA | C146: CONTRATADO | D146: 46209 | E146: SEBASTIAN | F146: 46198 | G146: SUPERNUMERARIO | H146: CORREA DE ARCO ELIANA MARGARITA | K146: {=IF(OR($B146="",$F146=""),"",WORKDAY.INTL(IF(ISNUMBER($F146),$F146,FECHA.VALOR($F146)),IF(UPPER(TRIM($B146))="AUXILIAR DE COCINA",7,10),1,FESTIVOS!$D$3:$D$996))} -> 46210 | L146: =IF($F146="","",DATE(YEAR(EDATE($F146,IF(DAY($F146)>=17,1,0))),MONTH(EDATE($F146,IF(DAY($F146)>=17,1,0))),1)) -> 46204 | M146: =IF($K146="","",IF(OR($D146="",$D146<$F146),"PENDIENTE",IF($D146<=$K146,"A TIEMPO","FUERA DE TIEMPO"))) -> A TIEMPO
A147: CUADRO UBAQUE YOMARA KARINA | B147: AUXILIAR DE COCINA | C147: CONTRATADO | D147: 46212 | E147: SEBASTIAN | F147: 46205 | G147: SUPERNUMERARIO | H147: PACHON RAMOS DAYANA PAOLA | K147: {=IF(OR($B147="",$F147=""),"",WORKDAY.INTL(IF(ISNUMBER($F147),$F147,FECHA.VALOR($F147)),IF(UPPER(TRIM($B147))="AUXILIAR DE COCINA",7,10),1,FESTIVOS!$D$3:$D$996))} -> 46216 | L147: =IF($F147="","",DATE(YEAR(EDATE($F147,IF(DAY($F147)>=17,1,0))),MONTH(EDATE($F147,IF(DAY($F147)>=17,1,0))),1)) -> 46204 | M147: =IF($K147="","",IF(OR($D147="",$D147<$F147),"PENDIENTE",IF($D147<=$K147,"A TIEMPO","FUERA DE TIEMPO"))) -> A TIEMPO
A148: CAAMAÑO VILLALOBOS ELVIS JUNIOR | B148: AUXILIAR DE COCINA | C148: CONTRATADO | D148: 46212 | E148: SEBASTIAN | F148: 46205 | G148: TITAN | H148: OCHOA MATAPI MICHEL XIOMARA | K148: {=IF(OR($B148="",$F148=""),"",WORKDAY.INTL(IF(ISNUMBER($F148),$F148,FECHA.VALOR($F148)),IF(UPPER(TRIM($B148))="AUXILIAR DE COCINA",7,10),1,FESTIVOS!$D$3:$D$996))} -> 46216 | L148: =IF($F148="","",DATE(YEAR(EDATE($F148,IF(DAY($F148)>=17,1,0))),MONTH(EDATE($F148,IF(DAY($F148)>=17,1,0))),1)) -> 46204 | M148: =IF($K148="","",IF(OR($D148="",$D148<$F148),"PENDIENTE",IF($D148<=$K148,"A TIEMPO","FUERA DE TIEMPO"))) -> A TIEMPO
A149: PISCIOTTI RIVERA LILIANA DE JESUS | B149: AUXILIAR DE SERVICIO | C149: CONTRATADO | D149: 46209 | E149: JESUS | F149: 46205 | G149: COLINA | H149: CIFUENTES MENDEZ CAROL YINETH | K149: {=IF(OR($B149="",$F149=""),"",WORKDAY.INTL(IF(ISNUMBER($F149),$F149,FECHA.VALOR($F149)),IF(UPPER(TRIM($B149))="AUXILIAR DE COCINA",7,10),1,FESTIVOS!$D$3:$D$996))} -> 46219 | L149: =IF($F149="","",DATE(YEAR(EDATE($F149,IF(DAY($F149)>=17,1,0))),MONTH(EDATE($F149,IF(DAY($F149)>=17,1,0))),1)) -> 46204 | M149: =IF($K149="","",IF(OR($D149="",$D149<$F149),"PENDIENTE",IF($D149<=$K149,"A TIEMPO","FUERA DE TIEMPO"))) -> A TIEMPO
A150: PATERNINA GUERRERO ALMA ESTHER | B150: AUXILIAR DE COCINA | C150: CONTRATADO | D150: 46217 | E150: JESUS | F150: 46209 | G150: COLINA | H150: ALVAREZ CALDERON KAREN ALESKA | K150: {=IF(OR($B150="",$F150=""),"",WORKDAY.INTL(IF(ISNUMBER($F150),$F150,FECHA.VALOR($F150)),IF(UPPER(TRIM($B150))="AUXILIAR DE COCINA",7,10),1,FESTIVOS!$D$3:$D$996))} -> 46218 | L150: =IF($F150="","",DATE(YEAR(EDATE($F150,IF(DAY($F150)>=17,1,0))),MONTH(EDATE($F150,IF(DAY($F150)>=17,1,0))),1)) -> 46204 | M150: =IF($K150="","",IF(OR($D150="",$D150<$F150),"PENDIENTE",IF($D150<=$K150,"A TIEMPO","FUERA DE TIEMPO"))) -> A TIEMPO
A151: RODRIGUEZ QUIMBAYO WILMER HERNAN | B151: AUXILIAR DE COCINA | C151: CONTRATADO | D151: 46217 | E151: SEBASTIAN | F151: 46209 | G151: SUPERNUMERARIO | H151: BARRIOS PEREZ SIMON ANDRES | K151: {=IF(OR($B151="",$F151=""),"",WORKDAY.INTL(IF(ISNUMBER($F151),$F151,FECHA.VALOR($F151)),IF(UPPER(TRIM($B151))="AUXILIAR DE COCINA",7,10),1,FESTIVOS!$D$3:$D$996))} -> 46218 | L151: =IF($F151="","",DATE(YEAR(EDATE($F151,IF(DAY($F151)>=17,1,0))),MONTH(EDATE($F151,IF(DAY($F151)>=17,1,0))),1)) -> 46204 | M151: =IF($K151="","",IF(OR($D151="",$D151<$F151),"PENDIENTE",IF($D151<=$K151,"A TIEMPO","FUERA DE TIEMPO"))) -> A TIEMPO
A152: SALGADO MATOS YORLEDIS | B152: AUXILIAR DE COCINA | C152: CONTRATADO | D152: 46219 | E152: SEBASTIAN | F152: 46211 | G152: SUPERNUMERARIO | H152: VALBUENA RINCON JUAN SEBASTIAN | K152: {=IF(OR($B152="",$F152=""),"",WORKDAY.INTL(IF(ISNUMBER($F152),$F152,FECHA.VALOR($F152)),IF(UPPER(TRIM($B152))="AUXILIAR DE COCINA",7,10),1,FESTIVOS!$D$3:$D$996))} -> 46220 | L152: =IF($F152="","",DATE(YEAR(EDATE($F152,IF(DAY($F152)>=17,1,0))),MONTH(EDATE($F152,IF(DAY($F152)>=17,1,0))),1)) -> 46204 | M152: =IF($K152="","",IF(OR($D152="",$D152<$F152),"PENDIENTE",IF($D152<=$K152,"A TIEMPO","FUERA DE TIEMPO"))) -> A TIEMPO
A153: ALEMAN BARRAGAN KELLY JHOANNA | B153: AUXILIAR DE COCINA | C153: CONTRATADO | D153: 46219 | E153: JESUS | F153: 46217 | G153: UNICENTRO | H153: BOTON GARCIA EDWIN ANDRES | K153: {=IF(OR($B153="",$F153=""),"",WORKDAY.INTL(IF(ISNUMBER($F153),$F153,FECHA.VALOR($F153)),IF(UPPER(TRIM($B153))="AUXILIAR DE COCINA",7,10),1,FESTIVOS!$D$3:$D$996))} -> 46227 | L153: =IF($F153="","",DATE(YEAR(EDATE($F153,IF(DAY($F153)>=17,1,0))),MONTH(EDATE($F153,IF(DAY($F153)>=17,1,0))),1)) -> 46204 | M153: =IF($K153="","",IF(OR($D153="",$D153<$F153),"PENDIENTE",IF($D153<=$K153,"A TIEMPO","FUERA DE TIEMPO"))) -> A TIEMPO
A154: BERNAL LOPEZ ELIANA CAMILA | B154: AUXILIAR DE SERVICIO | C154: CONTRATADO | D154: 46224 | E154: JESUS | F154: 46217 | G154: COLINA | H154: MARTINEZ RODRIGUEZ BLANCA CECILIA | K154: {=IF(OR($B154="",$F154=""),"",WORKDAY.INTL(IF(ISNUMBER($F154),$F154,FECHA.VALOR($F154)),IF(UPPER(TRIM($B154))="AUXILIAR DE COCINA",7,10),1,FESTIVOS!$D$3:$D$996))} -> 46232 | L154: =IF($F154="","",DATE(YEAR(EDATE($F154,IF(DAY($F154)>=17,1,0))),MONTH(EDATE($F154,IF(DAY($F154)>=17,1,0))),1)) -> 46204 | M154: =IF($K154="","",IF(OR($D154="",$D154<$F154),"PENDIENTE",IF($D154<=$K154,"A TIEMPO","FUERA DE TIEMPO"))) -> A TIEMPO
... A163: ORDOÑEZ VALENCIA WENDY SARAY | B163: AUXILIAR DE SERVICIO | C163: CONTRATADO | D163: 46238 | E163: JESUS | F163: 46237 | G163: SUPERNUMERARIO | H163: RUIZ RODRIGUEZ NICOLE VANESSA | K163: {=IF(OR($B163="",$F163=""),"",WORKDAY.INTL(IF(ISNUMBER($F163),$F163,FECHA.VALOR($F163)),IF(UPPER(TRIM($B163))="AUXILIAR DE COCINA",7,10),1,FESTIVOS!$D$3:$D$996))} -> 46253 | L163: =IF($F163="","",DATE(YEAR(EDATE($F163,IF(DAY($F163)>=17,1,0))),MONTH(EDATE($F163,IF(DAY($F163)>=17,1,0))),1)) -> 46235 | M163: =IF($K163="","",IF(OR($D163="",$D163<$F163),"PENDIENTE",IF($D163<=$K163,"A TIEMPO","FUERA DE TIEMPO"))) -> A TIEMPO
B164: AUXILIAR DE COCINA | C164: EN PROCEOS | E164: JESUS | F164: 46237 | G164: SANTAFE | H164: TORRES BORRERO IVONNE NATALIA | K164: {=IF(OR($B164="",$F164=""),"",WORKDAY.INTL(IF(ISNUMBER($F164),$F164,FECHA.VALOR($F164)),IF(UPPER(TRIM($B164))="AUXILIAR DE COCINA",7,10),1,FESTIVOS!$D$3:$D$996))} -> 46247 | L164: =IF($F164="","",DATE(YEAR(EDATE($F164,IF(DAY($F164)>=17,1,0))),MONTH(EDATE($F164,IF(DAY($F164)>=17,1,0))),1)) -> 46235 | M164: =IF($K164="","",IF(OR($D164="",$D164<$F164),"PENDIENTE",IF($D164<=$K164,"A TIEMPO","FUERA DE TIEMPO"))) -> PENDIENTE
K165: {=IF(OR($B165="",$F165=""),"",WORKDAY.INTL(IF(ISNUMBER($F165),$F165,FECHA.VALOR($F165)),IF(UPPER(TRIM($B165))="AUXILIAR DE COCINA",7,10),1,FESTIVOS!$D$3:$D$996))} | L165: =IF($F165="","",DATE(YEAR(EDATE($F165,IF(DAY($F165)>=17,1,0))),MONTH(EDATE($F165,IF(DAY($F165)>=17,1,0))),1)) | M165: =IF($K165="","",IF(OR($D165="",$D165<$F165),"PENDIENTE",IF($D165<=$K165,"A TIEMPO","FUERA DE TIEMPO")))
K166: {=IF(OR($B166="",$F166=""),"",WORKDAY.INTL(IF(ISNUMBER($F166),$F166,FECHA.VALOR($F166)),IF(UPPER(TRIM($B166))="AUXILIAR DE COCINA",7,10),1,FESTIVOS!$D$3:$D$996))} | L166: =IF($F166="","",DATE(YEAR(EDATE($F166,IF(DAY($F166)>=17,1,0))),MONTH(EDATE($F166,IF(DAY($F166)>=17,1,0))),1)) | M166: =IF($K166="","",IF(OR($D166="",$D166<$F166),"PENDIENTE",IF($D166<=$K166,"A TIEMPO","FUERA DE TIEMPO")))
K167: {=IF(OR($B167="",$F167=""),"",WORKDAY.INTL(IF(ISNUMBER($F167),$F167,FECHA.VALOR($F167)),IF(UPPER(TRIM($B167))="AUXILIAR DE COCINA",7,10),1,FESTIVOS!$D$3:$D$996))} | L167: =IF($F167="","",DATE(YEAR(EDATE($F167,IF(DAY($F167)>=17,1,0))),MONTH(EDATE($F167,IF(DAY($F167)>=17,1,0))),1)) | M167: =IF($K167="","",IF(OR($D167="",$D167<$F167),"PENDIENTE",IF($D167<=$K167,"A TIEMPO","FUERA DE TIEMPO")))
K168: {=IF(OR($B168="",$F168=""),"",WORKDAY.INTL(IF(ISNUMBER($F168),$F168,FECHA.VALOR($F168)),IF(UPPER(TRIM($B168))="AUXILIAR DE COCINA",7,10),1,FESTIVOS!$D$3:$D$996))} | L168: =IF($F168="","",DATE(YEAR(EDATE($F168,IF(DAY($F168)>=17,1,0))),MONTH(EDATE($F168,IF(DAY($F168)>=17,1,0))),1)) | M168: =IF($K168="","",IF(OR($D168="",$D168<$F168),"PENDIENTE",IF($D168<=$K168,"A TIEMPO","FUERA DE TIEMPO")))
K169: {=IF(OR($B169="",$F169=""),"",WORKDAY.INTL(IF(ISNUMBER($F169),$F169,FECHA.VALOR($F169)),IF(UPPER(TRIM($B169))="AUXILIAR DE COCINA",7,10),1,FESTIVOS!$D$3:$D$996))} | L169: =IF($F169="","",DATE(YEAR(EDATE($F169,IF(DAY($F169)>=17,1,0))),MONTH(EDATE($F169,IF(DAY($F169)>=17,1,0))),1)) | M169: =IF($K169="","",IF(OR($D169="",$D169<$F169),"PENDIENTE",IF($D169<=$K169,"A TIEMPO","FUERA DE TIEMPO")))
K170: {=IF(OR($B170="",$F170=""),"",WORKDAY.INTL(IF(ISNUMBER($F170),$F170,FECHA.VALOR($F170)),IF(UPPER(TRIM($B170))="AUXILIAR DE COCINA",7,10),1,FESTIVOS!$D$3:$D$996))} | L170: =IF($F170="","",DATE(YEAR(EDATE($F170,IF(DAY($F170)>=17,1,0))),MONTH(EDATE($F170,IF(DAY($F170)>=17,1,0))),1)) | M170: =IF($K170="","",IF(OR($D170="",$D170<$F170),"PENDIENTE",IF($D170<=$K170,"A TIEMPO","FUERA DE TIEMPO")))
K171: {=IF(OR($B171="",$F171=""),"",WORKDAY.INTL(IF(ISNUMBER($F171),$F171,FECHA.VALOR($F171)),IF(UPPER(TRIM($B171))="AUXILIAR DE COCINA",7,10),1,FESTIVOS!$D$3:$D$996))} | L171: =IF($F171="","",DATE(YEAR(EDATE($F171,IF(DAY($F171)>=17,1,0))),MONTH(EDATE($F171,IF(DAY($F171)>=17,1,0))),1)) | M171: =IF($K171="","",IF(OR($D171="",$D171<$F171),"PENDIENTE",IF($D171<=$K171,"A TIEMPO","FUERA DE TIEMPO")))
K172: {=IF(OR($B172="",$F172=""),"",WORKDAY.INTL(IF(ISNUMBER($F172),$F172,FECHA.VALOR($F172)),IF(UPPER(TRIM($B172))="AUXILIAR DE COCINA",7,10),1,FESTIVOS!$D$3:$D$996))} | L172: =IF($F172="","",DATE(YEAR(EDATE($F172,IF(DAY($F172)>=17,1,0))),MONTH(EDATE($F172,IF(DAY($F172)>=17,1,0))),1)) | M172: =IF($K172="","",IF(OR($D172="",$D172<$F172),"PENDIENTE",IF($D172<=$K172,"A TIEMPO","FUERA DE TIEMPO")))

Sheet BARRANQUILLA
A1: NOMBRE NUEVO INGRESO | B1: CARGO | C1: ESTADO | D1: FECHA DE INGRESO | E1: SOLICITA | F1: FECHA DE SOLICITUD | G1: PUNTO | H1: PERSONA A QUIEN REEMPLAZARA | I1: POSICION CLAVES | J1: MOTIVO | K1: FECHA MAXIMA | L1: MES_INDICADOR_K | M1: ESTADO DEL INGRESO
A2: SANDRA MILENA PIÑERES VALDES | B2: CAJERO | C2: CONTRATADO | D2: 46015 | E2: NACARI | F2: 46010 | G2: BARRANQUILLA | H2: Yerling Rodríguez | K2: {=IF(OR($B2="",$F2=""),"",WORKDAY.INTL(IF(ISNUMBER($F2),$F2,FECHA.VALOR($F2)),IF(UPPER(TRIM($B2))="AUXILIAR DE COCINA",10,15),1,FESTIVOS!$A$3:$A$1000))} -> 46036 | L2: =IF($F2="","",DATE(YEAR(EDATE($F2,IF(DAY($F2)>=17,1,0))),MONTH(EDATE($F2,IF(DAY($F2)>=17,1,0))),1)) -> 46023 | M2: =IF($K2="","",IF(OR($D2="",$D2<$F2),"PENDIENTE",IF($D2<=$K2,"A TIEMPO","FUERA DE TIEMPO"))) -> A TIEMPO | O2: Cuenta de FECHA MAXIMA | P2: ESTADO DEL INGRESO
A3: DUVIS MARGARITA VANEGAS CANTILLO | B3: CAJERO | C3: CONTRATADO | D3: 46039 | E3: ANGIE | F3: 46020 | G3: BARRANQUILLA | H3: YESICA | K3: {=IF(OR($B3="",$F3=""),"",WORKDAY.INTL(IF(ISNUMBER($F3),$F3,FECHA.VALOR($F3)),IF(UPPER(TRIM($B3))="AUXILIAR DE COCINA",10,15),1,FESTIVOS!$A$3:$A$1000))} -> 46043 | L3: =IF($F3="","",DATE(YEAR(EDATE($F3,IF(DAY($F3)>=17,1,0))),MONTH(EDATE($F3,IF(DAY($F3)>=17,1,0))),1)) -> 46023 | M3: =IF($K3="","",IF(OR($D3="",$D3<$F3),"PENDIENTE",IF($D3<=$K3,"A TIEMPO","FUERA DE TIEMPO"))) -> A TIEMPO | O3: MES_INDICADOR_K | P3: A TIEMPO | Q3: Total general
A4: HAROL MOLINA | B4: LIDER DE COCINA JUNIOR | C4: CONTRATADO | D4: 46147 | E4: ANGIE | F4: 46132 | G4: BARRANQUILLA | H4: YENIFER DEL CARMEN | K4: {=IF(OR($B4="",$F4=""),"",WORKDAY.INTL(IF(ISNUMBER($F4),$F4,FECHA.VALOR($F4)),IF(UPPER(TRIM($B4))="AUXILIAR DE COCINA",10,15),1,FESTIVOS!$A$3:$A$1000))} -> 46154 | L4: =IF($F4="","",DATE(YEAR(EDATE($F4,IF(DAY($F4)>=17,1,0))),MONTH(EDATE($F4,IF(DAY($F4)>=17,1,0))),1)) -> 46143 | M4: =IF($K4="","",IF(OR($D4="",$D4<$F4),"PENDIENTE",IF($D4<=$K4,"A TIEMPO","FUERA DE TIEMPO"))) -> A TIEMPO | O4: 46023 | P4: 2 | Q4: 2
A5: Estefani Carrioni | B5: AUXILIAR DE SERVICIO | C5: CONTRATADO | D5: 46189 | E5: ANGIE | F5: 46177 | H5: INCAPACIDAD DE CAJERA | K5: {=IF(OR($B5="",$F5=""),"",WORKDAY.INTL(IF(ISNUMBER($F5),$F5,FECHA.VALOR($F5)),IF(UPPER(TRIM($B5))="AUXILIAR DE COCINA",10,15),1,FESTIVOS!$A$3:$A$1000))} -> 46203 | L5: =IF($F5="","",DATE(YEAR(EDATE($F5,IF(DAY($F5)>=17,1,0))),MONTH(EDATE($F5,IF(DAY($F5)>=17,1,0))),1)) -> 46174 | M5: =IF($K5="","",IF(OR($D5="",$D5<$F5),"PENDIENTE",IF($D5<=$K5,"A TIEMPO","FUERA DE TIEMPO"))) -> A TIEMPO | O5: Total general | P5: 2 | Q5: 2
A6: Melisa Paola insignares castro | B6: AUXILIAR DE SERVICIO | C6: CONTRATADO | D6: 46192 | E6: ANGIE | F6: 46189 | H6: FALTANTE DE COCINA | K6: {=IF(OR($B6="",$F6=""),"",WORKDAY.INTL(IF(ISNUMBER($F6),$F6,FECHA.VALOR($F6)),IF(UPPER(TRIM($B6))="AUXILIAR DE COCINA",10,15),1,FESTIVOS!$A$3:$A$1000))} -> 46211 | L6: =IF($F6="","",DATE(YEAR(EDATE($F6,IF(DAY($F6)>=17,1,0))),MONTH(EDATE($F6,IF(DAY($F6)>=17,1,0))),1)) -> 46174 | M6: =IF($K6="","",IF(OR($D6="",$D6<$F6),"PENDIENTE",IF($D6<=$K6,"A TIEMPO","FUERA DE TIEMPO"))) -> A TIEMPO
A7: =UPPER("Joan José steel rosales") -> JOAN JOSÉ STEEL ROSALES | B7: AUXILIAR DE COCINA | C7: CONTRATADO | D7: 46226 | E7: ANGIE | F7: 46203 | G7: BUENAVISTA | H7: KINWERLIS ESTEFANIA | K7: {=IF(OR($B7="",$F7=""),"",WORKDAY.INTL(IF(ISNUMBER($F7),$F7,FECHA.VALOR($F7)),IF(UPPER(TRIM($B7))="AUXILIAR DE COCINA",10,15),1,FESTIVOS!$A$3:$A$1000))} -> 46217 | L7: =IF($F7="","",DATE(YEAR(EDATE($F7,IF(DAY($F7)>=17,1,0))),MONTH(EDATE($F7,IF(DAY($F7)>=17,1,0))),1)) -> 46204 | M7: =IF($K7="","",IF(OR($D7="",$D7<$F7),"PENDIENTE",IF($D7<=$K7,"A TIEMPO","FUERA DE TIEMPO"))) -> FUERA DE TIEMPO
A8: VICTOR HUGO RODRÍGUEZ CANCHANO | B8: AUXILIAR DE COCINA | C8: CONTRATADO | D8: 46228 | E8: ANGIE | F8: 46224 | G8: BUENAVISTA | H8: DIEGO ARMANDO MARINO | K8: {=IF(OR($B8="",$F8=""),"",WORKDAY.INTL(IF(ISNUMBER($F8),$F8,FECHA.VALOR($F8)),IF(UPPER(TRIM($B8))="AUXILIAR DE COCINA",10,15),1,FESTIVOS!$A$3:$A$1000))} -> 46238 | L8: =IF($F8="","",DATE(YEAR(EDATE($F8,IF(DAY($F8)>=17,1,0))),MONTH(EDATE($F8,IF(DAY($F8)>=17,1,0))),1)) -> 46235 | M8: =IF($K8="","",IF(OR($D8="",$D8<$F8),"PENDIENTE",IF($D8<=$K8,"A TIEMPO","FUERA DE TIEMPO"))) -> A TIEMPO
A9: CARLOS ALBERTO PEDROZA QUIROZ | B9: AUXILIAR DE COCINA | C9: CONTRATADO | D9: 46234 | E9: ANGIE | F9: 46224 | G9: VIVA BARRANQUILLA | H9: GABRIEL RIOS PERFIL | K9: {=IF(OR($B9="",$F9=""),"",WORKDAY.INTL(IF(ISNUMBER($F9),$F9,FECHA.VALOR($F9)),IF(UPPER(TRIM($B9))="AUXILIAR DE COCINA",10,15),1,FESTIVOS!$A$3:$A$1000))} -> 46238 | L9: =IF($F9="","",DATE(YEAR(EDATE($F9,IF(DAY($F9)>=17,1,0))),MONTH(EDATE($F9,IF(DAY($F9)>=17,1,0))),1)) -> 46235 | M9: =IF($K9="","",IF(OR($D9="",$D9<$F9),"PENDIENTE",IF($D9<=$K9,"A TIEMPO","FUERA DE TIEMPO"))) -> A TIEMPO

Sheet EJE CAFETERO
A1: NOMBRE NUEVO INGRESO | B1: CARGO | C1: ESTADO | D1: FECHA DE INGRESO | E1: SOLICITA | F1: FECHA DE SOLICITUD | G1: PUNTO | H1: PERSONA A QUIEN REEMPLAZARA | I1: POSICION CLAVES | J1: MOTIVO | K1: FECHA MAXIMA | L1: MES_INDICADOR_K | M1: ESTADO DEL INGRESO
A2: CASTAÑEDA OCAMPO LUIS FERNANDO | B2: AUXILIAR DE COCINA | C2: CONTRATADO | D2: 45994 | E2: PAULA | F2: 45992 | G2: MANIZALES | H2: FELIPE RESTREPO | K2: {=IF(OR($B2="",$F2=""),"",WORKDAY.INTL(IF(ISNUMBER($F2),$F2,FECHA.VALOR($F2)),IF(UPPER(TRIM($B2))="AUXILIAR DE COCINA",10,15),1,FESTIVOS!$A$3:$A$1000))} -> 46007 | L2: =IF($F2="","",DATE(YEAR(EDATE($F2,IF(DAY($F2)>=17,1,0))),MONTH(EDATE($F2,IF(DAY($F2)>=17,1,0))),1)) -> 45992 | M2: =IF($K2="","",IF(OR($D2="",$D2<$F2),"PENDIENTE",IF($D2<=$K2,"A TIEMPO","FUERA DE TIEMPO"))) -> A TIEMPO | O2: Cuenta de FECHA MAXIMA | P2: ESTADO DEL INGRESO
A3: KEVIN DANIEL GIRALDO | B3: AUXILIAR DE SERVICIO | C3: CONTRATADO | D3: 46010 | E3: PAULA | F3: 45995 | G3: MANIZALES | H3: LOPEZ VELASQUEZ VIVIANA MARIA | K3: {=IF(OR($B3="",$F3=""),"",WORKDAY.INTL(IF(ISNUMBER($F3),$F3,FECHA.VALOR($F3)),IF(UPPER(TRIM($B3))="AUXILIAR DE COCINA",10,15),1,FESTIVOS!$A$3:$A$1000))} -> 46020 | L3: =IF($F3="","",DATE(YEAR(EDATE($F3,IF(DAY($F3)>=17,1,0))),MONTH(EDATE($F3,IF(DAY($F3)>=17,1,0))),1)) -> 45992 | M3: =IF($K3="","",IF(OR($D3="",$D3<$F3),"PENDIENTE",IF($D3<=$K3,"A TIEMPO","FUERA DE TIEMPO"))) -> A TIEMPO | O3: MES_INDICADOR_K | P3: A TIEMPO | Q3: PENDIENTE | R3: Total general
A4: JOSÉ DAVID TRUJILLO | B4: AUXILIAR DE COCINA | C4: CONTRATADO | D4: 46010 | E4: JORGE | F4: 46000 | G4: SUPERNUMERARIO | H4: SUPER# FALTANTE | K4: {=IF(OR($B4="",$F4=""),"",WORKDAY.INTL(IF(ISNUMBER($F4),$F4,FECHA.VALOR($F4)),IF(UPPER(TRIM($B4))="AUXILIAR DE COCINA",10,15),1,FESTIVOS!$A$3:$A$1000))} -> 46014 | L4: =IF($F4="","",DATE(YEAR(EDATE($F4,IF(DAY($F4)>=17,1,0))),MONTH(EDATE($F4,IF(DAY($F4)>=17,1,0))),1)) -> 45992 | M4: =IF($K4="","",IF(OR($D4="",$D4<$F4),"PENDIENTE",IF($D4<=$K4,"A TIEMPO","FUERA DE TIEMPO"))) -> A TIEMPO | O4: 45992 | P4: 5 | Q4: 1 | R4: 6
A5: MARLON STEVEN CORREA VALENCIA | B5: AUXILIAR DE COCINA | C5: CONTRATADO | D5: 46015 | E5: JORGE | F5: 46001 | G5: MALL PLAZA CALI | H5: MARIA EUGENIA VICTORIA VILLADA | K5: {=IF(OR($B5="",$F5=""),"",WORKDAY.INTL(IF(ISNUMBER($F5),$F5,FECHA.VALOR($F5)),IF(UPPER(TRIM($B5))="AUXILIAR DE COCINA",10,15),1,FESTIVOS!$A$3:$A$1000))} -> 46015 | L5: =IF($F5="","",DATE(YEAR(EDATE($F5,IF(DAY($F5)>=17,1,0))),MONTH(EDATE($F5,IF(DAY($F5)>=17,1,0))),1)) -> 45992 | M5: =IF($K5="","",IF(OR($D5="",$D5<$F5),"PENDIENTE",IF($D5<=$K5,"A TIEMPO","FUERA DE TIEMPO"))) -> A TIEMPO | O5: 46023 | P5: 6 | Q5: 3 | R5: 9
A6: JAIRO ANDRES ORJUELA GUERRERO | B6: AUXILIAR DE COCINA | C6: CONTRATADO | D6: 46015 | E6: JORGE | F6: 46001 | G6: PALMETTO PLAZA | H6: JUAN SEBASTIAN GARZON FENANDEZ | K6: {=IF(OR($B6="",$F6=""),"",WORKDAY.INTL(IF(ISNUMBER($F6),$F6,FECHA.VALOR($F6)),IF(UPPER(TRIM($B6))="AUXILIAR DE COCINA",10,15),1,FESTIVOS!$A$3:$A$1000))} -> 46015 | L6: =IF($F6="","",DATE(YEAR(EDATE($F6,IF(DAY($F6)>=17,1,0))),MONTH(EDATE($F6,IF(DAY($F6)>=17,1,0))),1)) -> 45992 | M6: =IF($K6="","",IF(OR($D6="",$D6<$F6),"PENDIENTE",IF($D6<=$K6,"A TIEMPO","FUERA DE TIEMPO"))) -> A TIEMPO | O6: 46054 | Q6: 1 | R6: 1
A7: =UPPER("Jhonatan Andrés Rivera Otero") -> JHONATAN ANDRÉS RIVERA OTERO | B7: AUXILIAR DE COCINA | C7: CONTRATADO | D7: 46058 | E7: JORGE | F7: 46004 | G7: UNICENTRO CALI | H7: GENESIS ROGSIRI MOROCOIMA IBAÑEZ | K7: {=IF(OR($B7="",$F7=""),"",WORKDAY.INTL(IF(ISNUMBER($F7),$F7,FECHA.VALOR($F7)),IF(UPPER(TRIM($B7))="AUXILIAR DE COCINA",10,15),1,FESTIVOS!$A$3:$A$1000))} -> 46020 | L7: =IF($F7="","",DATE(YEAR(EDATE($F7,IF(DAY($F7)>=17,1,0))),MONTH(EDATE($F7,IF(DAY($F7)>=17,1,0))),1)) -> 45992 | M7: =IF($K7="","",IF(OR($D7="",$D7<$F7),"PENDIENTE",IF($D7<=$K7,"A TIEMPO","FUERA DE TIEMPO"))) -> FUERA DE TIEMPO | O7: Total general | P7: 11 | Q7: 5 | R7: 16
A8: MARLYN DAMARIS CALDERON QUICENO | B8: AUXILIAR DE COCINA | C8: CONTRATADO | D8: 46021 | E8: PAULA | F8: 46017 | G8: MALL PLAZA MANIZALES | H8: LAURA VILLANEDA | K8: {=IF(OR($B8="",$F8=""),"",WORKDAY.INTL(IF(ISNUMBER($F8),$F8,FECHA.VALOR($F8)),IF(UPPER(TRIM($B8))="AUXILIAR DE COCINA",10,15),1,FESTIVOS!$A$3:$A$1000))} -> 46035 | L8: =IF($F8="","",DATE(YEAR(EDATE($F8,IF(DAY($F8)>=17,1,0))),MONTH(EDATE($F8,IF(DAY($F8)>=17,1,0))),1)) -> 46023 | M8: =IF($K8="","",IF(OR($D8="",$D8<$F8),"PENDIENTE",IF($D8<=$K8,"A TIEMPO","FUERA DE TIEMPO"))) -> A TIEMPO
A9: PAULA ANDREA CARDONA CEBALLOS | B9: AUXILIAR DE COCINA | C9: CONTRATADO | D9: 46021 | E9: PAULA | F9: 46017 | G9: MANIZALES | H9: COCINA | K9: {=IF(OR($B9="",$F9=""),"",WORKDAY.INTL(IF(ISNUMBER($F9),$F9,FECHA.VALOR($F9)),IF(UPPER(TRIM($B9))="AUXILIAR DE COCINA",10,15),1,FESTIVOS!$A$3:$A$1000))} -> 46035 | L9: =IF($F9="","",DATE(YEAR(EDATE($F9,IF(DAY($F9)>=17,1,0))),MONTH(EDATE($F9,IF(DAY($F9)>=17,1,0))),1)) -> 46023 | M9: =IF($K9="","",IF(OR($D9="",$D9<$F9),"PENDIENTE",IF($D9<=$K9,"A TIEMPO","FUERA DE TIEMPO"))) -> A TIEMPO
A10: DAVID ESTEBAN MENESES | B10: AUXILIAR DE COCINA | C10: CONTRATADO | D10: 46042 | E10: JORGE | F10: 46030 | G10: UNICO OUTLET | H10: Katerine giannine | K10: {=IF(OR($B10="",$F10=""),"",WORKDAY.INTL(IF(ISNUMBER($F10),$F10,FECHA.VALOR($F10)),IF(UPPER(TRIM($B10))="AUXILIAR DE COCINA",10,15),1,FESTIVOS!$A$3:$A$1000))} -> 46045 | L10: =IF($F10="","",DATE(YEAR(EDATE($F10,IF(DAY($F10)>=17,1,0))),MONTH(EDATE($F10,IF(DAY($F10)>=17,1,0))),1)) -> 46023 | M10: =IF($K10="","",IF(OR($D10="",$D10<$F10),"PENDIENTE",IF($D10<=$K10,"A TIEMPO","FUERA DE TIEMPO"))) -> A TIEMPO
A11: JHONATAN ANDRES RIVERA | B11: AUXILIAR DE COCINA | C11: CONTRATADO | D11: 46054 | E11: JORGE | F11: 46030 | G11: SUPERNUMERARIO | H11: Jairo Andres orejuela | K11: {=IF(OR($B11="",$F11=""),"",WORKDAY.INTL(IF(ISNUMBER($F11),$F11,FECHA.VALOR($F11)),IF(UPPER(TRIM($B11))="AUXILIAR DE COCINA",10,15),1,FESTIVOS!$A$3:$A$1000))} -> 46045 | L11: =IF($F11="","",DATE(YEAR(EDATE($F11,IF(DAY($F11)>=17,1,0))),MONTH(EDATE($F11,IF(DAY($F11)>=17,1,0))),1)) -> 46023 | M11: =IF($K11="","",IF(OR($D11="",$D11<$F11),"PENDIENTE",IF($D11<=$K11,"A TIEMPO","FUERA DE TIEMPO"))) -> FUERA DE TIEMPO
A12: MARIO ANDRES MONTERROZA | B12: AUXILIAR DE COCINA | C12: CONTRATADO | D12: 46035 | E12: PAULA | F12: 46030 | G12: SUPERNUMERARIO | H12: Marlyn Damaris Calderon | K12: {=IF(OR($B12="",$F12=""),"",WORKDAY.INTL(IF(ISNUMBER($F12),$F12,FECHA.VALOR($F12)),IF(UPPER(TRIM($B12))="AUXILIAR DE COCINA",10,15),1,FESTIVOS!$A$3:$A$1000))} -> 46045 | L12: =IF($F12="","",DATE(YEAR(EDATE($F12,IF(DAY($F12)>=17,1,0))),MONTH(EDATE($F12,IF(DAY($F12)>=17,1,0))),1)) -> 46023 | M12: =IF($K12="","",IF(OR($D12="",$D12<$F12),"PENDIENTE",IF($D12<=$K12,"A TIEMPO","FUERA DE TIEMPO"))) -> A TIEMPO
A13: JARY NICOL RAMIREZ | B13: AUXILIAR DE COCINA | C13: CONTRATADO | D13: 46054 | E13: JORGE | F13: 46031 | H13: JODAVID TRUJILLO | K13: {=IF(OR($B13="",$F13=""),"",WORKDAY.INTL(IF(ISNUMBER($F13),$F13,FECHA.VALOR($F13)),IF(UPPER(TRIM($B13))="AUXILIAR DE COCINA",10,15),1,FESTIVOS!$A$3:$A$1000))} -> 46048 | L13: =IF($F13="","",DATE(YEAR(EDATE($F13,IF(DAY($F13)>=17,1,0))),MONTH(EDATE($F13,IF(DAY($F13)>=17,1,0))),1)) -> 46023 | M13: =IF($K13="","",IF(OR($D13="",$D13<$F13),"PENDIENTE",IF($D13<=$K13,"A TIEMPO","FUERA DE TIEMPO"))) -> FUERA DE TIEMPO
A14: JULIETH TATIANA SANDOVAL CORTES | B14: AUXILIAR DE SERVICIO | C14: CONTRATADO | D14: 46045 | E14: JORGE | F14: 46034 | G14: PALMETTO | H14: LINCENCIA MATERNIDA STEFANY MUÑOZ | K14: {=IF(OR($B14="",$F14=""),"",WORKDAY.INTL(IF(ISNUMBER($F14),$F14,FECHA.VALOR($F14)),IF(UPPER(TRIM($B14))="AUXILIAR DE COCINA",10,15),1,FESTIVOS!$A$3:$A$1000))} -> 46055 | L14: =IF($F14="","",DATE(YEAR(EDATE($F14,IF(DAY($F14)>=17,1,0))),MONTH(EDATE($F14,IF(DAY($F14)>=17,1,0))),1)) -> 46023 | M14: =IF($K14="","",IF(OR($D14="",$D14<$F14),"PENDIENTE",IF($D14<=$K14,"A TIEMPO","FUERA DE TIEMPO"))) -> A TIEMPO
A15: OSPINA RAMIREZ STEFANNY | B15: CAJERO | C15: CONTRATADO | D15: 46045 | E15: JORGE | F15: 46037 | H15: JUAN DAVID BUENO | K15: {=IF(OR($B15="",$F15=""),"",WORKDAY.INTL(IF(ISNUMBER($F15),$F15,FECHA.VALOR($F15)),IF(UPPER(TRIM($B15))="AUXILIAR DE COCINA",10,15),1,FESTIVOS!$A$3:$A$1000))} -> 46058 | L15: =IF($F15="","",DATE(YEAR(EDATE($F15,IF(DAY($F15)>=17,1,0))),MONTH(EDATE($F15,IF(DAY($F15)>=17,1,0))),1)) -> 46023 | M15: =IF($K15="","",IF(OR($D15="",$D15<$F15),"PENDIENTE",IF($D15<=$K15,"A TIEMPO","FUERA DE TIEMPO"))) -> A TIEMPO
A16: JULIETH TATIANA SANDOVAL CORTES | B16: AUXILIAR DE SERVICIO | C16: CONTRATADO | D16: 46045 | E16: JORGE | F16: 46035 | H16: LINCENCIA MATERNIDA STEFANY MUÑOZ | K16: {=IF(OR($B16="",$F16=""),"",WORKDAY.INTL(IF(ISNUMBER($F16),$F16,FECHA.VALOR($F16)),IF(UPPER(TRIM($B16))="AUXILIAR DE COCINA",10,15),1,FESTIVOS!$A$3:$A$1000))} -> 46056 | L16: =IF($F16="","",DATE(YEAR(EDATE($F16,IF(DAY($F16)>=17,1,0))),MONTH(EDATE($F16,IF(DAY($F16)>=17,1,0))),1)) -> 46023 | M16: =IF($K16="","",IF(OR($D16="",$D16<$F16),"PENDIENTE",IF($D16<=$K16,"A TIEMPO","FUERA DE TIEMPO"))) -> A TIEMPO
A17: ESTEFANÍA OROZCO CASTAÑO | B17: AUXILIAR DE SERVICIO | C17: CONTRATADO | D17: 46046 | E17: PAULA | F17: 46048 | H17: KEVIN GIRALDO | K17: {=IF(OR($B17="",$F17=""),"",WORKDAY.INTL(IF(ISNUMBER($F17),$F17,FECHA.VALOR($F17)),IF(UPPER(TRIM($B17))="AUXILIAR DE COCINA",10,15),1,FESTIVOS!$A$3:$A$1000))} -> 46069 | L17: =IF($F17="","",DATE(YEAR(EDATE($F17,IF(DAY($F17)>=17,1,0))),MONTH(EDATE($F17,IF(DAY($F17)>=17,1,0))),1)) -> 46054 | M17: =IF($K17="","",IF(OR($D17="",$D17<$F17),"PENDIENTE",IF($D17<=$K17,"A TIEMPO","FUERA DE TIEMPO"))) -> PENDIENTE
A18: LEDI JOHANA MESA ORTIZ | B18: AUXILIAR DE COCINA | C18: CONTRATADO | D18: 46047 | E18: PAULA | F18: 46056 | G18: SUPERNUMERARIO | H18: PAULA CEBALLOS | K18: {=IF(OR($B18="",$F18=""),"",WORKDAY.INTL(IF(ISNUMBER($F18),$F18,FECHA.VALOR($F18)),IF(UPPER(TRIM($B18))="AUXILIAR DE COCINA",10,15),1,FESTIVOS!$A$3:$A$1000))} -> 46070 | L18: =IF($F18="","",DATE(YEAR(EDATE($F18,IF(DAY($F18)>=17,1,0))),MONTH(EDATE($F18,IF(DAY($F18)>=17,1,0))),1)) -> 46054 | M18: =IF($K18="","",IF(OR($D18="",$D18<$F18),"PENDIENTE",IF($D18<=$K18,"A TIEMPO","FUERA DE TIEMPO"))) -> PENDIENTE
A19: ALEJANDRA PALMA | B19: AUXILIAR DE SERVICIO | C19: CONTRATADO | D19: 46048 | E19: JORGE | F19: 46057 | G19: SUPER# | H19: VALENTINA | K19: {=IF(OR($B19="",$F19=""),"",WORKDAY.INTL(IF(ISNUMBER($F19),$F19,FECHA.VALOR($F19)),IF(UPPER(TRIM($B19))="AUXILIAR DE COCINA",10,15),1,FESTIVOS!$A$3:$A$1000))} -> 46078 | L19: =IF($F19="","",DATE(YEAR(EDATE($F19,IF(DAY($F19)>=17,1,0))),MONTH(EDATE($F19,IF(DAY($F19)>=17,1,0))),1)) -> 46054 | M19: =IF($K19="","",IF(OR($D19="",$D19<$F19),"PENDIENTE",IF($D19<=$K19,"A TIEMPO","FUERA DE TIEMPO"))) -> PENDIENTE
A20: ISABELLA HINCAPIE | B20: AUXILIAR DE SERVICIO | C20: CONTRATADO | D20: 46084 | E20: PAULA | F20: 46064 | G20: SUPERNUMERARIO | H20: PAULA CEBALLOS | K20: {=IF(OR($B20="",$F20=""),"",WORKDAY.INTL(IF(ISNUMBER($F20),$F20,FECHA.VALOR($F20)),IF(UPPER(TRIM($B20))="AUXILIAR DE COCINA",10,15),1,FESTIVOS!$A$3:$A$1000))} -> 46085 | L20: =IF($F20="","",DATE(YEAR(EDATE($F20,IF(DAY($F20)>=17,1,0))),MONTH(EDATE($F20,IF(DAY($F20)>=17,1,0))),1)) -> 46054 | M20: =IF($K20="","",IF(OR($D20="",$D20<$F20),"PENDIENTE",IF($D20<=$K20,"A TIEMPO","FUERA DE TIEMPO"))) -> A TIEMPO
A21: BRIAM YEBSEHVIC RIASCOS MANYOMA | B21: AUXILIAR DE SERVICIO | C21: CONTRATADO | D21: 46050 | E21: JORGE | F21: 46064 | G21: SUPER# | H21: INGRID MELISA | K21: {=IF(OR($B21="",$F21=""),"",WORKDAY.INTL(IF(ISNUMBER($F21),$F21,FECHA.VALOR($F21)),IF(UPPER(TRIM($B21))="AUXILIAR DE COCINA",10,15),1,FESTIVOS!$A$3:$A$1000))} -> 46085 | L21: =IF($F21="","",DATE(YEAR(EDATE($F21,IF(DAY($F21)>=17,1,0))),MONTH(EDATE($F21,IF(DAY($F21)>=17,1,0))),1)) -> 46054 | M21: =IF($K21="","",IF(OR($D21="",$D21<$F21),"PENDIENTE",IF($D21<=$K21,"A TIEMPO","FUERA DE TIEMPO"))) -> PENDIENTE
A22: JESSICA PAOLA ORTEGA POLO | B22: CAJERO | C22: CONTRATADO | D22: 46051 | E22: JORGE | F22: 46076 | G22: SUPER# | H22: JULIANA HURTADO | K22: {=IF(OR($B22="",$F22=""),"",WORKDAY.INTL(IF(ISNUMBER($F22),$F22,FECHA.VALOR($F22)),IF(UPPER(TRIM($B22))="AUXILIAR DE COCINA",10,15),1,FESTIVOS!$A$3:$A$1000))} -> 46097 | L22: =IF($F22="","",DATE(YEAR(EDATE($F22,IF(DAY($F22)>=17,1,0))),MONTH(EDATE($F22,IF(DAY($F22)>=17,1,0))),1)) -> 46082 | M22: =IF($K22="","",IF(OR($D22="",$D22<$F22),"PENDIENTE",IF($D22<=$K22,"A TIEMPO","FUERA DE TIEMPO"))) -> PENDIENTE
A23: MAYRA ALEJANDRA ARANGO | B23: CAJERO | C23: CONTRATADO | D23: 46052 | E23: JORGE | F23: 46097 | G23: SUPER# | H23: ANDRES BANDERA
A24: CLAUDIA GARCIA | B24: AUXILIAR DE SERVICIO | C24: CONTRATADO | D24: 46113 | E24: JORGE | F24: 46097 | G24: SUPER# | H24: TATIANA COTES | K24: {=IF(OR($B24="",$F24=""),"",WORKDAY.INTL(IF(ISNUMBER($F24),$F24,FECHA.VALOR($F24)),IF(UPPER(TRIM($B24))="AUXILIAR DE COCINA",10,15),1,FESTIVOS!$A$3:$A$1000))} -> 46121 | L24: =IF($F24="","",DATE(YEAR(EDATE($F24,IF(DAY($F24)>=17,1,0))),MONTH(EDATE($F24,IF(DAY($F24)>=17,1,0))),1)) -> 46082 | M24: =IF($K24="","",IF(OR($D24="",$D24<$F24),"PENDIENTE",IF($D24<=$K24,"A TIEMPO","FUERA DE TIEMPO"))) -> A TIEMPO
A25: SORANY ADVINCULA SAENZ | B25: AUXILIAR DE COCINA | C25: CONTRATADO | D25: 46125 | E25: JORGE | F25: 46106 | G25: JARDIN PLAZA | H25: JUAN ANGEL | K25: {=IF(OR($B25="",$F25=""),"",WORKDAY.INTL(IF(ISNUMBER($F25),$F25,FECHA.VALOR($F25)),IF(UPPER(TRIM($B25))="AUXILIAR DE COCINA",10,15),1,FESTIVOS!$A$3:$A$1000))} -> 46122 | L25: =IF($F25="","",DATE(YEAR(EDATE($F25,IF(DAY($F25)>=17,1,0))),MONTH(EDATE($F25,IF(DAY($F25)>=17,1,0))),1)) -> 46113 | M25: =IF($K25="","",IF(OR($D25="",$D25<$F25),"PENDIENTE",IF($D25<=$K25,"A TIEMPO","FUERA DE TIEMPO"))) -> FUERA DE TIEMPO
A26: Johan Federico Montoya Gómez | B26: AUXILIAR DE COCINA | C26: CONTRATADO | D26: 46139 | E26: PAULA | F26: 46099 | G26: FUNDADORES | H26: ALEJANDRO MARIN | K26: {=IF(OR($B26="",$F26=""),"",WORKDAY.INTL(IF(ISNUMBER($F26),$F26,FECHA.VALOR($F26)),IF(UPPER(TRIM($B26))="AUXILIAR DE COCINA",10,15),1,FESTIVOS!$A$3:$A$1000))} -> 46118 | L26: =IF($F26="","",DATE(YEAR(EDATE($F26,IF(DAY($F26)>=17,1,0))),MONTH(EDATE($F26,IF(DAY($F26)>=17,1,0))),1)) -> 46113 | M26: =IF($K26="","",IF(OR($D26="",$D26<$F26),"PENDIENTE",IF($D26<=$K26,"A TIEMPO","FUERA DE TIEMPO"))) -> FUERA DE TIEMPO
A27: JOSELIN MORA | B27: AUXILIAR DE SERVICIO | C27: CONTRATADO | D27: 46128 | E27: JORGE | F27: 46106 | G27: SUPER# | H27: BRIAM RIASCOS | K27: {=IF(OR($B27="",$F27=""),"",WORKDAY.INTL(IF(ISNUMBER($F27),$F27,FECHA.VALOR($F27)),IF(UPPER(TRIM($B27))="AUXILIAR DE COCINA",10,15),1,FESTIVOS!$A$3:$A$1000))} -> 46129 | L27: =IF($F27="","",DATE(YEAR(EDATE($F27,IF(DAY($F27)>=17,1,0))),MONTH(EDATE($F27,IF(DAY($F27)>=17,1,0))),1)) -> 46113 | M27: =IF($K27="","",IF(OR($D27="",$D27<$F27),"PENDIENTE",IF($D27<=$K27,"A TIEMPO","FUERA DE TIEMPO"))) -> A TIEMPO
A28: CARLOS ALBERTO ARBOLEDA | B28: AUXILIAR DE COCINA | C28: CONTRATADO | D28: 46125 | E28: JORGE | F28: 46106 | G28: SUPER# | H28: David esteban Meneses | K28: {=IF(OR($B28="",$F28=""),"",WORKDAY.INTL(IF(ISNUMBER($F28),$F28,FECHA.VALOR($F28)),IF(UPPER(TRIM($B28))="AUXILIAR DE COCINA",10,15),1,FESTIVOS!$A$3:$A$1000))} -> 46122 | L28: =IF($F28="","",DATE(YEAR(EDATE($F28,IF(DAY($F28)>=17,1,0))),MONTH(EDATE($F28,IF(DAY($F28)>=17,1,0))),1)) -> 46113 | M28: =IF($K28="","",IF(OR($D28="",$D28<$F28),"PENDIENTE",IF($D28<=$K28,"A TIEMPO","FUERA DE TIEMPO"))) -> FUERA DE TIEMPO
A29: JOSE FERNANDO RAMIREZ OSPINA | B29: AUXILIAR DE SERVICIO | C29: CONTRATADO | D29: 46128 | E29: PAULA | F29: 46120 | G29: MANIZALES | H29: ISABELLA VALENCIA HINCAPIE | K29: {=IF(OR($B29="",$F29=""),"",WORKDAY.INTL(IF(ISNUMBER($F29),$F29,FECHA.VALOR($F29)),IF(UPPER(TRIM($B29))="AUXILIAR DE COCINA",10,15),1,FESTIVOS!$A$3:$A$1000))} -> 46141 | L29: =IF($F29="","",DATE(YEAR(EDATE($F29,IF(DAY($F29)>=17,1,0))),MONTH(EDATE($F29,IF(DAY($F29)>=17,1,0))),1)) -> 46113 | M29: =IF($K29="","",IF(OR($D29="",$D29<$F29),"PENDIENTE",IF($D29<=$K29,"A TIEMPO","FUERA DE TIEMPO"))) -> A TIEMPO
A30: JHON ALEXANDER DUEÑAS OSORIO | B30: AUXILIAR DE SERVICIO | C30: CONTRATADO | D30: 46141 | E30: PAULA | F30: 46125 | H30: MONTES OSORIO CRISTIAN CAMILO | K30: {=IF(OR($B30="",$F30=""),"",WORKDAY.INTL(IF(ISNUMBER($F30),$F30,FECHA.VALOR($F30)),IF(UPPER(TRIM($B30))="AUXILIAR DE COCINA",10,15),1,FESTIVOS!$A$3:$A$1000))} -> 46147 | L30: =IF($F30="","",DATE(YEAR(EDATE($F30,IF(DAY($F30)>=17,1,0))),MONTH(EDATE($F30,IF(DAY($F30)>=17,1,0))),1)) -> 46113 | M30: =IF($K30="","",IF(OR($D30="",$D30<$F30),"PENDIENTE",IF($D30<=$K30,"A TIEMPO","FUERA DE TIEMPO"))) -> A TIEMPO
A31: Luis Felipe Díaz Grisales | B31: AUXILIAR DE COCINA | C31: CONTRATADO | D31: 46144 | E31: PAULA | F31: 46150 | G31: VICTORIA | H31: NUEVO PUNTO | K31: {=IF(OR($B31="",$F31=""),"",WORKDAY.INTL(IF(ISNUMBER($F31),$F31,FECHA.VALOR($F31)),IF(UPPER(TRIM($B31))="AUXILIAR DE COCINA",10,15),1,FESTIVOS!$A$3:$A$1000))} -> 46167 | L31: =IF($F31="","",DATE(YEAR(EDATE($F31,IF(DAY($F31)>=17,1,0))),MONTH(EDATE($F31,IF(DAY($F31)>=17,1,0))),1)) -> 46143 | M31: =IF($K31="","",IF(OR($D31="",$D31<$F31),"PENDIENTE",IF($D31<=$K31,"A TIEMPO","FUERA DE TIEMPO"))) -> PENDIENTE
A32: SAMUEL DAVID PARRA MENDOZA | B32: AUXILIAR DE COCINA | C32: CONTRATADO | D32: 46148 | E32: PAULA | F32: 46150 | G32: VICTORIA | H32: NUEVO PUNTO | K32: {=IF(OR($B32="",$F32=""),"",WORKDAY.INTL(IF(ISNUMBER($F32),$F32,FECHA.VALOR($F32)),IF(UPPER(TRIM($B32))="AUXILIAR DE COCINA",10,15),1,FESTIVOS!$A$3:$A$1000))} -> 46167 | L32: =IF($F32="","",DATE(YEAR(EDATE($F32,IF(DAY($F32)>=17,1,0))),MONTH(EDATE($F32,IF(DAY($F32)>=17,1,0))),1)) -> 46143 | M32: =IF($K32="","",IF(OR($D32="",$D32<$F32),"PENDIENTE",IF($D32<=$K32,"A TIEMPO","FUERA DE TIEMPO"))) -> PENDIENTE
A33: CESAR GERMAN HERNANDEZ MADRID | B33: AUXILIAR DE COCINA | C33: CONTRATADO | D33: 46162 | E33: PAULA | F33: 46150 | G33: VICTORIA | H33: NUEVO PUNTO | K33: {=IF(OR($B33="",$F33=""),"",WORKDAY.INTL(IF(ISNUMBER($F33),$F33,FECHA.VALOR($F33)),IF(UPPER(TRIM($B33))="AUXILIAR DE COCINA",10,15),1,FESTIVOS!$A$3:$A$1000))} -> 46167 | L33: =IF($F33="","",DATE(YEAR(EDATE($F33,IF(DAY($F33)>=17,1,0))),MONTH(EDATE($F33,IF(DAY($F33)>=17,1,0))),1)) -> 46143 | M33: =IF($K33="","",IF(OR($D33="",$D33<$F33),"PENDIENTE",IF($D33<=$K33,"A TIEMPO","FUERA DE TIEMPO"))) -> A TIEMPO
A34: MICHEL ALEXANDER IBARRA HERNÁNDEZ. | B34: AUXILIAR DE COCINA | C34: CONTRATADO | D34: 46162 | E34: PAULA | F34: 46150 | G34: VICTORIA | H34: NUEVO PUNTO | K34: {=IF(OR($B34="",$F34=""),"",WORKDAY.INTL(IF(ISNUMBER($F34),$F34,FECHA.VALOR($F34)),IF(UPPER(TRIM($B34))="AUXILIAR DE COCINA",10,15),1,FESTIVOS!$A$3:$A$1000))} -> 46167 | L34: =IF($F34="","",DATE(YEAR(EDATE($F34,IF(DAY($F34)>=17,1,0))),MONTH(EDATE($F34,IF(DAY($F34)>=17,1,0))),1)) -> 46143 | M34: =IF($K34="","",IF(OR($D34="",$D34<$F34),"PENDIENTE",IF($D34<=$K34,"A TIEMPO","FUERA DE TIEMPO"))) -> A TIEMPO
A35: Yoselin gaviria moreno | B35: AUXILIAR DE COCINA | C35: CONTRATADO | D35: 46169 | E35: PAULA | F35: 46150 | G35: VICTORIA | H35: NUEVO PUNTO | K35: {=IF(OR($B35="",$F35=""),"",WORKDAY.INTL(IF(ISNUMBER($F35),$F35,FECHA.VALOR($F35)),IF(UPPER(TRIM($B35))="AUXILIAR DE COCINA",10,15),1,FESTIVOS!$A$3:$A$1000))} -> 46167 | L35: =IF($F35="","",DATE(YEAR(EDATE($F35,IF(DAY($F35)>=17,1,0))),MONTH(EDATE($F35,IF(DAY($F35)>=17,1,0))),1)) -> 46143 | M35: =IF($K35="","",IF(OR($D35="",$D35<$F35),"PENDIENTE",IF($D35<=$K35,"A TIEMPO","FUERA DE TIEMPO"))) -> FUERA DE TIEMPO
A36: David Esteban Arango Gallego | B36: SUPERNUMERARIO DE SERVICIO | C36: CONTRATADO | D36: 46175 | E36: PAULA | F36: 46150 | G36: VICTORIA | H36: NUEVO PUNTO | K36: {=IF(OR($B36="",$F36=""),"",WORKDAY.INTL(IF(ISNUMBER($F36),$F36,FECHA.VALOR($F36)),IF(UPPER(TRIM($B36))="AUXILIAR DE COCINA",10,15),1,FESTIVOS!$A$3:$A$1000))} -> 46174 | L36: =IF($F36="","",DATE(YEAR(EDATE($F36,IF(DAY($F36)>=17,1,0))),MONTH(EDATE($F36,IF(DAY($F36)>=17,1,0))),1)) -> 46143 | M36: =IF($K36="","",IF(OR($D36="",$D36<$F36),"PENDIENTE",IF($D36<=$K36,"A TIEMPO","FUERA DE TIEMPO"))) -> FUERA DE TIEMPO
A37: =UPPER("Diego Alejandro patiño romero") -> DIEGO ALEJANDRO PATIÑO ROMERO | B37: SUPERNUMERARIO DE SERVICIO | C37: CONTRATADO | D37: 46189 | E37: PAULA | F37: 46150 | G37: VICTORIA | H37: NUEVO PUNTO | K37: {=IF(OR($B37="",$F37=""),"",WORKDAY.INTL(IF(ISNUMBER($F37),$F37,FECHA.VALOR($F37)),IF(UPPER(TRIM($B37))="AUXILIAR DE COCINA",10,15),1,FESTIVOS!$A$3:$A$1000))} -> 46174 | L37: =IF($F37="","",DATE(YEAR(EDATE($F37,IF(DAY($F37)>=17,1,0))),MONTH(EDATE($F37,IF(DAY($F37)>=17,1,0))),1)) -> 46143 | M37: =IF($K37="","",IF(OR($D37="",$D37<$F37),"PENDIENTE",IF($D37<=$K37,"A TIEMPO","FUERA DE TIEMPO"))) -> FUERA DE TIEMPO
A38: Michelle Dayana Hernández Mejía | B38: AUXILIAR DE SERVICIO | C38: CONTRATADO | D38: 46169 | E38: PAULA | F38: 46150 | G38: VICTORIA | H38: NUEVO PUNTO | K38: {=IF(OR($B38="",$F38=""),"",WORKDAY.INTL(IF(ISNUMBER($F38),$F38,FECHA.VALOR($F38)),IF(UPPER(TRIM($B38))="AUXILIAR DE COCINA",10,15),1,FESTIVOS!$A$3:$A$1000))} -> 46174 | L38: =IF($F38="","",DATE(YEAR(EDATE($F38,IF(DAY($F38)>=17,1,0))),MONTH(EDATE($F38,IF(DAY($F38)>=17,1,0))),1)) -> 46143 | M38: =IF($K38="","",IF(OR($D38="",$D38<$F38),"PENDIENTE",IF($D38<=$K38,"A TIEMPO","FUERA DE TIEMPO"))) -> A TIEMPO
A39: Ana María Aguirre Muñoz | B39: AUXILIAR DE SERVICIO | C39: CONTRATADO | D39: 46169 | E39: PAULA | F39: 46150 | G39: VICTORIA | H39: NUEVO PUNTO | K39: {=IF(OR($B39="",$F39=""),"",WORKDAY.INTL(IF(ISNUMBER($F39),$F39,FECHA.VALOR($F39)),IF(UPPER(TRIM($B39))="AUXILIAR DE COCINA",10,15),1,FESTIVOS!$A$3:$A$1000))} -> 46174 | L39: =IF($F39="","",DATE(YEAR(EDATE($F39,IF(DAY($F39)>=17,1,0))),MONTH(EDATE($F39,IF(DAY($F39)>=17,1,0))),1)) -> 46143 | M39: =IF($K39="","",IF(OR($D39="",$D39<$F39),"PENDIENTE",IF($D39<=$K39,"A TIEMPO","FUERA DE TIEMPO"))) -> A TIEMPO
A40: WILMER EDUARDO ORTIZ GONZALES | B40: AUXILIAR DE COCINA | C40: CONTRATADO | D40: 46156 | E40: JORGE | F40: 46149 | G40: CALI | H40: RICARDO GALLEGO | K40: {=IF(OR($B40="",$F40=""),"",WORKDAY.INTL(IF(ISNUMBER($F40),$F40,FECHA.VALOR($F40)),IF(UPPER(TRIM($B40))="AUXILIAR DE COCINA",10,15),1,FESTIVOS!$A$3:$A$1000))} -> 46164 | L40: =IF($F40="","",DATE(YEAR(EDATE($F40,IF(DAY($F40)>=17,1,0))),MONTH(EDATE($F40,IF(DAY($F40)>=17,1,0))),1)) -> 46143 | M40: =IF($K40="","",IF(OR($D40="",$D40<$F40),"PENDIENTE",IF($D40<=$K40,"A TIEMPO","FUERA DE TIEMPO"))) -> A TIEMPO
A41: NATALIA RODRÍGUEZ LARRAHONDO | B41: AUXILIAR DE COCINA | C41: CONTRATADO | D41: 46162 | E41: JORGE | F41: 46150 | G41: CALI | H41: CARLOS ALBERTO ARBOLEDA | K41: {=IF(OR($B41="",$F41=""),"",WORKDAY.INTL(IF(ISNUMBER($F41),$F41,FECHA.VALOR($F41)),IF(UPPER(TRIM($B41))="AUXILIAR DE COCINA",10,15),1,FESTIVOS!$A$3:$A$1000))} -> 46167 | L41: =IF($F41="","",DATE(YEAR(EDATE($F41,IF(DAY($F41)>=17,1,0))),MONTH(EDATE($F41,IF(DAY($F41)>=17,1,0))),1)) -> 46143 | M41: =IF($K41="","",IF(OR($D41="",$D41<$F41),"PENDIENTE",IF($D41<=$K41,"A TIEMPO","FUERA DE TIEMPO"))) -> A TIEMPO
A42: Yoiner Ortiz vallecilla | B42: AUXILIAR DE COCINA | C42: CONTRATADO | D42: 46177 | E42: JORGE | F42: 46161 | G42: CALI | H42: SUPER# FALTANTE | K42: {=IF(OR($B42="",$F42=""),"",WORKDAY.INTL(IF(ISNUMBER($F42),$F42,FECHA.VALOR($F42)),IF(UPPER(TRIM($B42))="AUXILIAR DE COCINA",10,15),1,FESTIVOS!$A$3:$A$1000))} -> 46175 | L42: =IF($F42="","",DATE(YEAR(EDATE($F42,IF(DAY($F42)>=17,1,0))),MONTH(EDATE($F42,IF(DAY($F42)>=17,1,0))),1)) -> 46174 | M42: =IF($K42="","",IF(OR($D42="",$D42<$F42),"PENDIENTE",IF($D42<=$K42,"A TIEMPO","FUERA DE TIEMPO"))) -> FUERA DE TIEMPO
A43: CAMILA ARIAS BUSTAMANTE | B43: AUXILIAR DE COCINA | C43: CONTRATADO | D43: 46149 | E43: PAULA | F43: 46136 | G43: MANIZALES | K43: {=IF(OR($B43="",$F43=""),"",WORKDAY.INTL(IF(ISNUMBER($F43),$F43,FECHA.VALOR($F43)),IF(UPPER(TRIM($B43))="AUXILIAR DE COCINA",10,15),1,FESTIVOS!$A$3:$A$1000))} -> 46153 | L43: =IF($F43="","",DATE(YEAR(EDATE($F43,IF(DAY($F43)>=17,1,0))),MONTH(EDATE($F43,IF(DAY($F43)>=17,1,0))),1)) -> 46143 | M43: =IF($K43="","",IF(OR($D43="",$D43<$F43),"PENDIENTE",IF($D43<=$K43,"A TIEMPO","FUERA DE TIEMPO"))) -> A TIEMPO
A44: LUISA FERNANDA PRIETO | B44: CAJERO | C44: CONTRATADO | D44: 46189 | E44: JORGE | F44: 46170 | G44: CALI | H44: STEFANI RAMIREZ | K44: {=IF(OR($B44="",$F44=""),"",WORKDAY.INTL(IF(ISNUMBER($F44),$F44,FECHA.VALOR($F44)),IF(UPPER(TRIM($B44))="AUXILIAR DE COCINA",10,15),1,FESTIVOS!$A$3:$A$1000))} -> 46195 | L44: =IF($F44="","",DATE(YEAR(EDATE($F44,IF(DAY($F44)>=17,1,0))),MONTH(EDATE($F44,IF(DAY($F44)>=17,1,0))),1)) -> 46174 | M44: =IF($K44="","",IF(OR($D44="",$D44<$F44),"PENDIENTE",IF($D44<=$K44,"A TIEMPO","FUERA DE TIEMPO"))) -> A TIEMPO
A45: CAMILA REYES RIVILLAS | B45: AUXILIAR DE SERVICIO | C45: CONTRATADO | D45: 46192 | E45: JORGE | F45: 46175 | G45: CALI | H45: CLAUDIA GARCAI | K45: {=IF(OR($B45="",$F45=""),"",WORKDAY.INTL(IF(ISNUMBER($F45),$F45,FECHA.VALOR($F45)),IF(UPPER(TRIM($B45))="AUXILIAR DE COCINA",10,15),1,FESTIVOS!$A$3:$A$1000))} -> 46198 | L45: =IF($F45="","",DATE(YEAR(EDATE($F45,IF(DAY($F45)>=17,1,0))),MONTH(EDATE($F45,IF(DAY($F45)>=17,1,0))),1)) -> 46174 | M45: =IF($K45="","",IF(OR($D45="",$D45<$F45),"PENDIENTE",IF($D45<=$K45,"A TIEMPO","FUERA DE TIEMPO"))) -> A TIEMPO
A46: OSCAR JAVIER AYA | B46: AUXILIAR DE COCINA | C46: CONTRATADO | D46: 46182 | E46: JORGE | F46: 46175 | G46: CALI | H46: YESICA HURTADO | K46: {=IF(OR($B46="",$F46=""),"",WORKDAY.INTL(IF(ISNUMBER($F46),$F46,FECHA.VALOR($F46)),IF(UPPER(TRIM($B46))="AUXILIAR DE COCINA",10,15),1,FESTIVOS!$A$3:$A$1000))} -> 46191 | L46: =IF($F46="","",DATE(YEAR(EDATE($F46,IF(DAY($F46)>=17,1,0))),MONTH(EDATE($F46,IF(DAY($F46)>=17,1,0))),1)) -> 46174 | M46: =IF($K46="","",IF(OR($D46="",$D46<$F46),"PENDIENTE",IF($D46<=$K46,"A TIEMPO","FUERA DE TIEMPO"))) -> A TIEMPO
A47: MONICA DIAZ | B47: AUXILIAR DE COCINA | C47: CONTRATADO | D47: 46183 | E47: JORGE | F47: 46175 | G47: CALI | H47: LADY LUJAN | K47: {=IF(OR($B47="",$F47=""),"",WORKDAY.INTL(IF(ISNUMBER($F47),$F47,FECHA.VALOR($F47)),IF(UPPER(TRIM($B47))="AUXILIAR DE COCINA",10,15),1,FESTIVOS!$A$3:$A$1000))} -> 46191 | L47: =IF($F47="","",DATE(YEAR(EDATE($F47,IF(DAY($F47)>=17,1,0))),MONTH(EDATE($F47,IF(DAY($F47)>=17,1,0))),1)) -> 46174 | M47: =IF($K47="","",IF(OR($D47="",$D47<$F47),"PENDIENTE",IF($D47<=$K47,"A TIEMPO","FUERA DE TIEMPO"))) -> A TIEMPO
A48: CLAUDIA VALECILLA | B48: AUXILIAR DE COCINA | C48: CONTRATADO | D48: 46183 | E48: JORGE | F48: 46175 | G48: CALI | H48: ORIANA PANDARE | K48: {=IF(OR($B48="",$F48=""),"",WORKDAY.INTL(IF(ISNUMBER($F48),$F48,FECHA.VALOR($F48)),IF(UPPER(TRIM($B48))="AUXILIAR DE COCINA",10,15),1,FESTIVOS!$A$3:$A$1000))} -> 46191 | L48: =IF($F48="","",DATE(YEAR(EDATE($F48,IF(DAY($F48)>=17,1,0))),MONTH(EDATE($F48,IF(DAY($F48)>=17,1,0))),1)) -> 46174 | M48: =IF($K48="","",IF(OR($D48="",$D48<$F48),"PENDIENTE",IF($D48<=$K48,"A TIEMPO","FUERA DE TIEMPO"))) -> A TIEMPO
A49: Nacilia García Chamarra | B49: AUXILIAR DE SERVICIO | C49: CONTRATADO | D49: 46197 | E49: JORGE | F49: 46184 | G49: CALI | H49: INCAPACIDAD LARGA | K49: {=IF(OR($B49="",$F49=""),"",WORKDAY.INTL(IF(ISNUMBER($F49),$F49,FECHA.VALOR($F49)),IF(UPPER(TRIM($B49))="AUXILIAR DE COCINA",10,15),1,FESTIVOS!$A$3:$A$1000))} -> 46209 | L49: =IF($F49="","",DATE(YEAR(EDATE($F49,IF(DAY($F49)>=17,1,0))),MONTH(EDATE($F49,IF(DAY($F49)>=17,1,0))),1)) -> 46174 | M49: =IF($K49="","",IF(OR($D49="",$D49<$F49),"PENDIENTE",IF($D49<=$K49,"A TIEMPO","FUERA DE TIEMPO"))) -> A TIEMPO
A50: Alejandra cuadros gonzalez | B50: AUXILIAR DE SERVICIO | C50: CONTRATADO | D50: 46199 | E50: PAULA | F50: 46190 | G50: VICTORIA | H50: AGUIRRE MUÑOZ ANA MARIA | K50: {=IF(OR($B50="",$F50=""),"",WORKDAY.INTL(IF(ISNUMBER($F50),$F50,FECHA.VALOR($F50)),IF(UPPER(TRIM($B50))="AUXILIAR DE COCINA",10,15),1,FESTIVOS!$A$3:$A$1000))} -> 46212 | L50: =IF($F50="","",DATE(YEAR(EDATE($F50,IF(DAY($F50)>=17,1,0))),MONTH(EDATE($F50,IF(DAY($F50)>=17,1,0))),1)) -> 46204 | M50: =IF($K50="","",IF(OR($D50="",$D50<$F50),"PENDIENTE",IF($D50<=$K50,"A TIEMPO","FUERA DE TIEMPO"))) -> A TIEMPO
A51: ADRIANA CORREA LONDOÑO | B51: AUXILIAR DE COCINA | C51: CONTRATADO | D51: 46197 | E51: PAULA | F51: 46190 | G51: MANIZALES | H51: VIVIVANA ESTER CRUZ | K51: {=IF(OR($B51="",$F51=""),"",WORKDAY.INTL(IF(ISNUMBER($F51),$F51,FECHA.VALOR($F51)),IF(UPPER(TRIM($B51))="AUXILIAR DE COCINA",10,15),1,FESTIVOS!$A$3:$A$1000))} -> 46205 | L51: =IF($F51="","",DATE(YEAR(EDATE($F51,IF(DAY($F51)>=17,1,0))),MONTH(EDATE($F51,IF(DAY($F51)>=17,1,0))),1)) -> 46204 | M51: =IF($K51="","",IF(OR($D51="",$D51<$F51),"PENDIENTE",IF($D51<=$K51,"A TIEMPO","FUERA DE TIEMPO"))) -> A TIEMPO
A52: JACOBO CHICA RAMIREZ | B52: AUXILIAR DE COCINA | C52: CONTRATADO | D52: 46210 | E52: PAULA | F52: 46190 | G52: MANIZALES | H52: ARIAS BUSTAMANTE CAMILA | K52: {=IF(OR($B52="",$F52=""),"",WORKDAY.INTL(IF(ISNUMBER($F52),$F52,FECHA.VALOR($F52)),IF(UPPER(TRIM($B52))="AUXILIAR DE COCINA",10,15),1,FESTIVOS!$A$3:$A$1000))} -> 46205 | L52: =IF($F52="","",DATE(YEAR(EDATE($F52,IF(DAY($F52)>=17,1,0))),MONTH(EDATE($F52,IF(DAY($F52)>=17,1,0))),1)) -> 46204 | M52: =IF($K52="","",IF(OR($D52="",$D52<$F52),"PENDIENTE",IF($D52<=$K52,"A TIEMPO","FUERA DE TIEMPO"))) -> FUERA DE TIEMPO
A53: Dahiana Gaviria Osorio | B53: SUPERNUMERARIO DE SERVICIO | C53: CONTRATADO | D53: 46230 | E53: PAULA | F53: 46202 | G53: VICTORIA | H53: SUPER# FALTANTE | K53: {=IF(OR($B53="",$F53=""),"",WORKDAY.INTL(IF(ISNUMBER($F53),$F53,FECHA.VALOR($F53)),IF(UPPER(TRIM($B53))="AUXILIAR DE COCINA",10,15),1,FESTIVOS!$A$3:$A$1000))} -> 46224 | L53: =IF($F53="","",DATE(YEAR(EDATE($F53,IF(DAY($F53)>=17,1,0))),MONTH(EDATE($F53,IF(DAY($F53)>=17,1,0))),1)) -> 46204 | M53: =IF($K53="","",IF(OR($D53="",$D53<$F53),"PENDIENTE",IF($D53<=$K53,"A TIEMPO","FUERA DE TIEMPO"))) -> FUERA DE TIEMPO
A54: Juan José Muñoz | B54: AUXILIAR DE COCINA | C54: CONTRATADO | D54: 46212 | E54: PAULA | F54: 46205 | G54: MANIZALES | H54: ADRIANA CORREA LONDOÑO | K54: {=IF(OR($B54="",$F54=""),"",WORKDAY.INTL(IF(ISNUMBER($F54),$F54,FECHA.VALOR($F54)),IF(UPPER(TRIM($B54))="AUXILIAR DE COCINA",10,15),1,FESTIVOS!$A$3:$A$1000))} -> 46219 | L54: =IF($F54="","",DATE(YEAR(EDATE($F54,IF(DAY($F54)>=17,1,0))),MONTH(EDATE($F54,IF(DAY($F54)>=17,1,0))),1)) -> 46204 | M54: =IF($K54="","",IF(OR($D54="",$D54<$F54),"PENDIENTE",IF($D54<=$K54,"A TIEMPO","FUERA DE TIEMPO"))) -> A TIEMPO
B55: AUXILIAR DE COCINA | E55: PAULA | F55: 46209 | G55: VICTORIA | H55: César madriz | K55: {=IF(OR($B55="",$F55=""),"",WORKDAY.INTL(IF(ISNUMBER($F55),$F55,FECHA.VALOR($F55)),IF(UPPER(TRIM($B55))="AUXILIAR DE COCINA",10,15),1,FESTIVOS!$A$3:$A$1000))} -> 46224 | L55: =IF($F55="","",DATE(YEAR(EDATE($F55,IF(DAY($F55)>=17,1,0))),MONTH(EDATE($F55,IF(DAY($F55)>=17,1,0))),1)) -> 46204 | M55: =IF($K55="","",IF(OR($D55="",$D55<$F55),"PENDIENTE",IF($D55<=$K55,"A TIEMPO","FUERA DE TIEMPO"))) -> PENDIENTE
B56: AUXILIAR DE SERVICIO | E56: JORGE | F56: 46216 | G56: CALI | H56: Nacilia García Chamarra | K56: {=IF(OR($B56="",$F56=""),"",WORKDAY.INTL(IF(ISNUMBER($F56),$F56,FECHA.VALOR($F56)),IF(UPPER(TRIM($B56))="AUXILIAR DE COCINA",10,15),1,FESTIVOS!$A$3:$A$1000))} -> 46238 | L56: =IF($F56="","",DATE(YEAR(EDATE($F56,IF(DAY($F56)>=17,1,0))),MONTH(EDATE($F56,IF(DAY($F56)>=17,1,0))),1)) -> 46204 | M56: =IF($K56="","",IF(OR($D56="",$D56<$F56),"PENDIENTE",IF($D56<=$K56,"A TIEMPO","FUERA DE TIEMPO"))) -> PENDIENTE
A57: EDISON SANTIAGO RUIZ HOYOS | B57: AUXILIAR DE COCINA | C57: CONTRATADO | D57: 46218 | E57: JORGE | F57: 46219 | G57: CALI | H57: MARLON STEVEN CORREA VALENCIA | K57: {=IF(OR($B57="",$F57=""),"",WORKDAY.INTL(IF(ISNUMBER($F57),$F57,FECHA.VALOR($F57)),IF(UPPER(TRIM($B57))="AUXILIAR DE COCINA",10,15),1,FESTIVOS!$A$3:$A$1000))} -> 46234 | L57: =IF($F57="","",DATE(YEAR(EDATE($F57,IF(DAY($F57)>=17,1,0))),MONTH(EDATE($F57,IF(DAY($F57)>=17,1,0))),1)) -> 46204 | M57: =IF($K57="","",IF(OR($D57="",$D57<$F57),"PENDIENTE",IF($D57<=$K57,"A TIEMPO","FUERA DE TIEMPO"))) -> PENDIENTE
A58: YENNY ALEJANDRA AYALA CUERVO | B58: AUXILIAR DE COCINA | C58: CONTRATADO | D58: 46212 | E58: PAULA | F58: 46205 | G58: MANIZALES | H58: FALTANTE EN COCINA | K58: {=IF(OR($B58="",$F58=""),"",WORKDAY.INTL(IF(ISNUMBER($F58),$F58,FECHA.VALOR($F58)),IF(UPPER(TRIM($B58))="AUXILIAR DE COCINA",10,15),1,FESTIVOS!$A$3:$A$1000))} -> 46219 | L58: =IF($F58="","",DATE(YEAR(EDATE($F58,IF(DAY($F58)>=17,1,0))),MONTH(EDATE($F58,IF(DAY($F58)>=17,1,0))),1)) -> 46204 | M58: =IF($K58="","",IF(OR($D58="",$D58<$F58),"PENDIENTE",IF($D58<=$K58,"A TIEMPO","FUERA DE TIEMPO"))) -> A TIEMPO
B59: SUPERNUMERARIO DE SERVICIO | E59: PAULA | F59: 46224 | H59: DIEGO ALEJANDRO PATIÑO ROMERO | K59: {=IF(OR($B59="",$F59=""),"",WORKDAY.INTL(IF(ISNUMBER($F59),$F59,FECHA.VALOR($F59)),IF(UPPER(TRIM($B59))="AUXILIAR DE COCINA",10,15),1,FESTIVOS!$A$3:$A$1000))} -> 46246 | L59: =IF($F59="","",DATE(YEAR(EDATE($F59,IF(DAY($F59)>=17,1,0))),MONTH(EDATE($F59,IF(DAY($F59)>=17,1,0))),1)) -> 46235 | M59: =IF($K59="","",IF(OR($D59="",$D59<$F59),"PENDIENTE",IF($D59<=$K59,"A TIEMPO","FUERA DE TIEMPO"))) -> PENDIENTE
B60: SUPERNUMERARIO DE SERVICIO | E60: ANGIE | H60: NUEVA PLAZA | K60: {=IF(OR($B60="",$F60=""),"",WORKDAY.INTL(IF(ISNUMBER($F60),$F60,FECHA.VALOR($F60)),IF(UPPER(TRIM($B60))="AUXILIAR DE COCINA",10,15),1,FESTIVOS!$A$3:$A$1000))} | L60: =IF($F60="","",DATE(YEAR(EDATE($F60,IF(DAY($F60)>=17,1,0))),MONTH(EDATE($F60,IF(DAY($F60)>=17,1,0))),1)) | M60: =IF($K60="","",IF(OR($D60="",$D60<$F60),"PENDIENTE",IF($D60<=$K60,"A TIEMPO","FUERA DE TIEMPO")))
B61: AUXILIAR DE COCINA | E61: ANGIE | H61: NUEVA PLAZA | K61: {=IF(OR($B61="",$F61=""),"",WORKDAY.INTL(IF(ISNUMBER($F61),$F61,FECHA.VALOR($F61)),IF(UPPER(TRIM($B61))="AUXILIAR DE COCINA",10,15),1,FESTIVOS!$A$3:$A$1000))} | L61: =IF($F61="","",DATE(YEAR(EDATE($F61,IF(DAY($F61)>=17,1,0))),MONTH(EDATE($F61,IF(DAY($F61)>=17,1,0))),1)) | M61: =IF($K61="","",IF(OR($D61="",$D61<$F61),"PENDIENTE",IF($D61<=$K61,"A TIEMPO","FUERA DE TIEMPO")))
B62: SUPERNUMERARIO DE SERVICIO | E62: PAULA | F62: 46224 | H62: NUEVA PLAZA | K62: {=IF(OR($B62="",$F62=""),"",WORKDAY.INTL(IF(ISNUMBER($F62),$F62,FECHA.VALOR($F62)),IF(UPPER(TRIM($B62))="AUXILIAR DE COCINA",10,15),1,FESTIVOS!$A$3:$A$1000))} -> 46246 | L62: =IF($F62="","",DATE(YEAR(EDATE($F62,IF(DAY($F62)>=17,1,0))),MONTH(EDATE($F62,IF(DAY($F62)>=17,1,0))),1)) -> 46235 | M62: =IF($K62="","",IF(OR($D62="",$D62<$F62),"PENDIENTE",IF($D62<=$K62,"A TIEMPO","FUERA DE TIEMPO"))) -> PENDIENTE
B63: AUXILIAR DE COCINA | E63: PAULA | F63: 46224 | H63: NUEVA PLAZA | K63: {=IF(OR($B63="",$F63=""),"",WORKDAY.INTL(IF(ISNUMBER($F63),$F63,FECHA.VALOR($F63)),IF(UPPER(TRIM($B63))="AUXILIAR DE COCINA",10,15),1,FESTIVOS!$A$3:$A$1000))} -> 46238 | L63: =IF($F63="","",DATE(YEAR(EDATE($F63,IF(DAY($F63)>=17,1,0))),MONTH(EDATE($F63,IF(DAY($F63)>=17,1,0))),1)) -> 46235 | M63: =IF($K63="","",IF(OR($D63="",$D63<$F63),"PENDIENTE",IF($D63<=$K63,"A TIEMPO","FUERA DE TIEMPO"))) -> PENDIENTE

Sheet NO CRITICOS
A1: NOMBRE NUEVO INGRESO | B1: CARGO | C1: ESTADO | D1: FECHA DE INGRESO | E1: SOLICITA | F1: FECHA DE SOLICITUD | G1: PUNTO | H1: PERSONA A QUIEN REEMPLAZARA | I1: POSICION CLAVES | J1: MOTIVO | K1: FECHA MAXIMA | L1: MES_INDICADOR_K | M1: ESTADO DEL INGRESO
A2: CUERO HINESTROZA ROSIRY | B2: AUXILIAR DE PRODUCCION | C2: CONTRATADO | D2: 45995 | E2: SEBASTIAN | F2: 45993 | H2: JUAN FERNANDO TORO BAENA | K2: {=IF(OR($B2="",$F2=""),"",WORKDAY.INTL(IF(ISNUMBER($F2),$F2,FECHA.VALOR($F2)),IF(UPPER(TRIM($B2))="AUXILIAR DE COCINA",10,15),1,FESTIVOS!$A$3:$A$1000))} -> 46015 | L2: =IF($F2="","",DATE(YEAR(EDATE($F2,IF(DAY($F2)>=17,1,0))),MONTH(EDATE($F2,IF(DAY($F2)>=17,1,0))),1)) -> 45992 | M2: =IF($K2="","",IF(OR($D2="",$D2<$F2),"PENDIENTE",IF($D2<=$K2,"A TIEMPO","FUERA DE TIEMPO"))) -> A TIEMPO | O2: Cuenta de FECHA MAXIMA | P2: ESTADO DEL INGRESO
A3: VICTOR MANUEL FIGUEROA | B3: AUXILIAR DE PRODUCCION | C3: CONTRATADO | D3: 46001 | E3: SEBASTIAN | F3: 46000 | H3: HAROLD ANDRES CATAÑO TABORDA | K3: {=IF(OR($B3="",$F3=""),"",WORKDAY.INTL(IF(ISNUMBER($F3),$F3,FECHA.VALOR($F3)),IF(UPPER(TRIM($B3))="AUXILIAR DE COCINA",10,15),1,FESTIVOS!$A$3:$A$1000))} -> 46022 | L3: =IF($F3="","",DATE(YEAR(EDATE($F3,IF(DAY($F3)>=17,1,0))),MONTH(EDATE($F3,IF(DAY($F3)>=17,1,0))),1)) -> 45992 | M3: =IF($K3="","",IF(OR($D3="",$D3<$F3),"PENDIENTE",IF($D3<=$K3,"A TIEMPO","FUERA DE TIEMPO"))) -> A TIEMPO | O3: MES_INDICADOR_K | P3: PENDIENTE | R3: A TIEMPO | S3: Total general
A4: REINALDO ALVAREZ | B4: AUXILIAR DE PRODUCCION | C4: CONTRATADO | D4: 46030 | E4: SEBASTIAN | F4: 46015 | H4: SEBASTIAN MARTINEZ DEL CASTILLO | K4: {=IF(OR($B4="",$F4=""),"",WORKDAY.INTL(IF(ISNUMBER($F4),$F4,FECHA.VALOR($F4)),IF(UPPER(TRIM($B4))="AUXILIAR DE COCINA",10,15),1,FESTIVOS!$A$3:$A$1000))} -> 46041 | L4: =IF($F4="","",DATE(YEAR(EDATE($F4,IF(DAY($F4)>=17,1,0))),MONTH(EDATE($F4,IF(DAY($F4)>=17,1,0))),1)) -> 46023 | M4: =IF($K4="","",IF(OR($D4="",$D4<$F4),"PENDIENTE",IF($D4<=$K4,"A TIEMPO","FUERA DE TIEMPO"))) -> A TIEMPO | O4: 45992 | R4: 2 | S4: 2
A5: MARY LUZ LONDOÑO | B5: AUXILIAR DE PRODUCCION | C5: CONTRATADO | D5: 46030 | E5: SEBASTIAN | F5: 46015 | H5: JUAN PABLO CASTAÑO NIETO | K5: {=IF(OR($B5="",$F5=""),"",WORKDAY.INTL(IF(ISNUMBER($F5),$F5,FECHA.VALOR($F5)),IF(UPPER(TRIM($B5))="AUXILIAR DE COCINA",10,15),1,FESTIVOS!$A$3:$A$1000))} -> 46041 | L5: =IF($F5="","",DATE(YEAR(EDATE($F5,IF(DAY($F5)>=17,1,0))),MONTH(EDATE($F5,IF(DAY($F5)>=17,1,0))),1)) -> 46023 | M5: =IF($K5="","",IF(OR($D5="",$D5<$F5),"PENDIENTE",IF($D5<=$K5,"A TIEMPO","FUERA DE TIEMPO"))) -> A TIEMPO | O5: 46023 | P5: 2 | R5: 4 | S5: 6
A6: MONICA LISS LONDOÑO | B6: AUXILIAR DE PRODUCCION | C6: CONTRATADO | D6: 46030 | E6: SEBASTIAN | F6: 46028 | H6: LEONARDO FABIO AVILA GAZABON | K6: {=IF(OR($B6="",$F6=""),"",WORKDAY.INTL(IF(ISNUMBER($F6),$F6,FECHA.VALOR($F6)),IF(UPPER(TRIM($B6))="AUXILIAR DE COCINA",10,15),1,FESTIVOS!$A$3:$A$1000))} -> 46050 | L6: =IF($F6="","",DATE(YEAR(EDATE($F6,IF(DAY($F6)>=17,1,0))),MONTH(EDATE($F6,IF(DAY($F6)>=17,1,0))),1)) -> 46023 | M6: =IF($K6="","",IF(OR($D6="",$D6<$F6),"PENDIENTE",IF($D6<=$K6,"A TIEMPO","FUERA DE TIEMPO"))) -> A TIEMPO | O6: (en blanco)
A7: JUAN GABRIEL ALVAREZ | B7: AUXILIAR DE PRODUCCION | C7: CONTRATADO | D7: 46030 | E7: SEBASTIAN | F7: 46028 | H7: GIOVANNY ALONSO MUÑOZ LOPEZ | K7: {=IF(OR($B7="",$F7=""),"",WORKDAY.INTL(IF(ISNUMBER($F7),$F7,FECHA.VALOR($F7)),IF(UPPER(TRIM($B7))="AUXILIAR DE COCINA",10,15),1,FESTIVOS!$A$3:$A$1000))} -> 46050 | L7: =IF($F7="","",DATE(YEAR(EDATE($F7,IF(DAY($F7)>=17,1,0))),MONTH(EDATE($F7,IF(DAY($F7)>=17,1,0))),1)) -> 46023 | M7: =IF($K7="","",IF(OR($D7="",$D7<$F7),"PENDIENTE",IF($D7<=$K7,"A TIEMPO","FUERA DE TIEMPO"))) -> A TIEMPO | O7: Total general | P7: 2 | R7: 6 | S7: 8
A8: JONATHAN RESTREPO RAMIREZ | B8: TECNICO DE MANTENIMIENTO | C8: CONTRATADO | D8: 46065 | E8: MIGUEL | F8: 46038 | G8: MEDELLIN | H8: ALEXANDER | K8: {=IF(OR($B8="",$F8=""),"",WORKDAY.INTL(IF(ISNUMBER($F8),$F8,FECHA.VALOR($F8)),IF(UPPER(TRIM($B8))="AUXILIAR DE COCINA",10,15),1,FESTIVOS!$A$3:$A$1000))} -> 46059 | L8: =IF($F8="","",DATE(YEAR(EDATE($F8,IF(DAY($F8)>=17,1,0))),MONTH(EDATE($F8,IF(DAY($F8)>=17,1,0))),1)) -> 46023 | M8: =IF($K8="","",IF(OR($D8="",$D8<$F8),"PENDIENTE",IF($D8<=$K8,"A TIEMPO","FUERA DE TIEMPO"))) -> FUERA DE TIEMPO
A9: JUAN PABLO MONTOYA | B9: AUXILIAR ADMINISTRATIVO | C9: CONTRATADO | D9: 46071 | E9: LORENA | F9: 46059 | G9: MEDELLIN | H9: JUAN ESTEBAN | K9: {=IF(OR($B9="",$F9=""),"",WORKDAY.INTL(IF(ISNUMBER($F9),$F9,FECHA.VALOR($F9)),IF(UPPER(TRIM($B9))="AUXILIAR DE COCINA",10,15),1,FESTIVOS!$A$3:$A$1000))} -> 46080 | L9: =IF($F9="","",DATE(YEAR(EDATE($F9,IF(DAY($F9)>=17,1,0))),MONTH(EDATE($F9,IF(DAY($F9)>=17,1,0))),1)) -> 46054 | M9: =IF($K9="","",IF(OR($D9="",$D9<$F9),"PENDIENTE",IF($D9<=$K9,"A TIEMPO","FUERA DE TIEMPO"))) -> A TIEMPO
A10: DIEGO MAURICIO OCAMPO HERRERA | B10: TECNICO DE MANTENIMIENTO | C10: CONTRATADO | D10: 46059 | E10: MIGUEL | F10: 46054 | G10: BOGOTA | H10: NUEVA PLAZA | K10: {=IF(OR($B10="",$F11=""),"",WORKDAY.INTL(IF(ISNUMBER($F11),$F11,FECHA.VALOR($F11)),IF(UPPER(TRIM($B10))="AUXILIAR DE COCINA",10,15),1,FESTIVOS!$A$3:$A$1000))} -> 46059 | L10: =IF($F11="","",DATE(YEAR(EDATE($F11,IF(DAY($F11)>=17,1,0))),MONTH(EDATE($F11,IF(DAY($F11)>=17,1,0))),1)) -> 46023 | M10: =IF($K10="","",IF(OR($D10="",$D10<$F11),"PENDIENTE",IF($D10<=$K10,"A TIEMPO","FUERA DE TIEMPO"))) -> A TIEMPO
A11: CAMILO ANDRES CASTAÑEDA ZAPATA | B11: ANALISTA DE CALIDAD | C11: CONTRATADO | D11: 46060 | E11: KAREN | F11: 46038 | G11: MEDELLIN | H11: TANYA | K11: {=IF(OR($B11="",$F12=""),"",WORKDAY.INTL(IF(ISNUMBER($F12),$F12,FECHA.VALOR($F12)),IF(UPPER(TRIM($B11))="AUXILIAR DE COCINA",10,15),1,FESTIVOS!$A$3:$A$1000))} -> 46076 | L11: =IF($F12="","",DATE(YEAR(EDATE($F12,IF(DAY($F12)>=17,1,0))),MONTH(EDATE($F12,IF(DAY($F12)>=17,1,0))),1)) -> 46054 | M11: =IF($K11="","",IF(OR($D11="",$D11<$F12),"PENDIENTE",IF($D11<=$K11,"A TIEMPO","FUERA DE TIEMPO"))) -> A TIEMPO
A12: MIGUEL ANGEL ACEVEDO | B12: JEFE DE MERCADEO | C12: CONTRATADO | D12: 46083 | E12: GERENCIA | F12: 46055 | G12: MEDELLIN | H12: LIZETH PORRAS | K12: {=IF(OR($B12="",$F13=""),"",WORKDAY.INTL(IF(ISNUMBER($F13),$F13,FECHA.VALOR($F13)),IF(UPPER(TRIM($B12))="AUXILIAR DE COCINA",10,15),1,FESTIVOS!$A$3:$A$1000))} -> 46059 | L12: =IF($F13="","",DATE(YEAR(EDATE($F13,IF(DAY($F13)>=17,1,0))),MONTH(EDATE($F13,IF(DAY($F13)>=17,1,0))),1)) -> 46023 | M12: =IF($K12="","",IF(OR($D12="",$D12<$F13),"PENDIENTE",IF($D12<=$K12,"A TIEMPO","FUERA DE TIEMPO"))) -> FUERA DE TIEMPO
A13: JONATHAN ANDRES RESTREPO | B13: CONDUCTOR | C13: CONTRATADO | D13: 46086 | E13: DANIELA | F13: 46038 | G13: MEDELLIN | H13: JUAN ESTIVENS ARBELAEZ | K13: {=IF(OR($B13="",$F14=""),"",WORKDAY.INTL(IF(ISNUMBER($F14),$F14,FECHA.VALOR($F14)),IF(UPPER(TRIM($B13))="AUXILIAR DE COCINA",10,15),1,FESTIVOS!$A$3:$A$1000))} -> 46076 | L13: =IF($F14="","",DATE(YEAR(EDATE($F14,IF(DAY($F14)>=17,1,0))),MONTH(EDATE($F14,IF(DAY($F14)>=17,1,0))),1)) -> 46054 | M13: =IF($K13="","",IF(OR($D13="",$D13<$F14),"PENDIENTE",IF($D13<=$K13,"A TIEMPO","FUERA DE TIEMPO"))) -> FUERA DE TIEMPO
A14: ELIZABETH BOCANEGRA | B14: JEFE DE CONTROL INTERNO | C14: CONTRATADO | D14: 46083 | E14: GERENCIA | F14: 46055 | G14: MEDELLIN | H14: NUEVA PLAZA | K14: {=IF(OR($B14="",$F15=""),"",WORKDAY.INTL(IF(ISNUMBER($F15),$F15,FECHA.VALOR($F15)),IF(UPPER(TRIM($B14))="AUXILIAR DE COCINA",10,15),1,FESTIVOS!$A$3:$A$1000))} -> 46105 | L14: =IF($F15="","",DATE(YEAR(EDATE($F15,IF(DAY($F15)>=17,1,0))),MONTH(EDATE($F15,IF(DAY($F15)>=17,1,0))),1)) -> 46082 | M14: =IF($K14="","",IF(OR($D14="",$D14<$F15),"PENDIENTE",IF($D14<=$K14,"A TIEMPO","FUERA DE TIEMPO"))) -> A TIEMPO
A15: JUAN DIEGO SALDARRIAGA CHICA | B15: AUXILIAR DE PRODUCCION | C15: CONTRATADO | D15: 46093 | E15: SEBASTIAN | F15: 46083 | G15: MEDELLIN | H15: SEBASTIAN MARTINEZ | K15: {=IF(OR($B15="",$F16=""),"",WORKDAY.INTL(IF(ISNUMBER($F16),$F16,FECHA.VALOR($F16)),IF(UPPER(TRIM($B15))="AUXILIAR DE COCINA",10,15),1,FESTIVOS!$A$3:$A$1000))} -> 46091 | L15: =IF($F16="","",DATE(YEAR(EDATE($F16,IF(DAY($F16)>=17,1,0))),MONTH(EDATE($F16,IF(DAY($F16)>=17,1,0))),1)) -> 46082 | M15: =IF($K15="","",IF(OR($D15="",$D15<$F16),"PENDIENTE",IF($D15<=$K15,"A TIEMPO","FUERA DE TIEMPO"))) -> FUERA DE TIEMPO
A16: YESICA MILENA ESQUIVEL MONROY | B16: AUXILIAR DE PRODUCCION | C16: CONTRATADO | D16: 46085 | E16: SEBASTIAN | F16: 46070 | G16: MEDELLIN | H16: MANCO GARCIA ARLISON DAVID | K16: {=IF(OR($B16="",$F17=""),"",WORKDAY.INTL(IF(ISNUMBER($F17),$F17,FECHA.VALOR($F17)),IF(UPPER(TRIM($B16))="AUXILIAR DE COCINA",10,15),1,FESTIVOS!$A$3:$A$1000))} -> 46122 | L16: =IF($F17="","",DATE(YEAR(EDATE($F17,IF(DAY($F17)>=17,1,0))),MONTH(EDATE($F17,IF(DAY($F17)>=17,1,0))),1)) -> 46113 | M16: =IF($K16="","",IF(OR($D16="",$D16<$F17),"PENDIENTE",IF($D16<=$K16,"A TIEMPO","FUERA DE TIEMPO"))) -> PENDIENTE
A17: JHON ALEXANDER CABRERA | B17: AUXILIAR DE PRODUCCION | C17: CONTRATADO | D17: 46108 | E17: SEBASTIAN | F17: 46098 | G17: MEDELLIN | H17: JUAN CARLOS CORREA | K17: {=IF(OR($B17="",$F18=""),"",WORKDAY.INTL(IF(ISNUMBER($F18),$F18,FECHA.VALOR($F18)),IF(UPPER(TRIM($B17))="AUXILIAR DE COCINA",10,15),1,FESTIVOS!$A$3:$A$1000))} -> 46133 | L17: =IF($F18="","",DATE(YEAR(EDATE($F18,IF(DAY($F18)>=17,1,0))),MONTH(EDATE($F18,IF(DAY($F18)>=17,1,0))),1)) -> 46113 | M17: =IF($K17="","",IF(OR($D17="",$D17<$F18),"PENDIENTE",IF($D17<=$K17,"A TIEMPO","FUERA DE TIEMPO"))) -> A TIEMPO
A18: JENIFER LOPEZ BETANCUR | B18: AUXILIAR DE PRODUCCION | C18: CONTRATADO | D18: 46108 | E18: SEBASTIAN | F18: 46108 | G18: MEDELLIN | H18: JUAN PABLO CASTAÑO | K18: {=IF(OR($B18="",$F19=""),"",WORKDAY.INTL(IF(ISNUMBER($F19),$F19,FECHA.VALOR($F19)),IF(UPPER(TRIM($B18))="AUXILIAR DE COCINA",10,15),1,FESTIVOS!$A$3:$A$1000))} -> 46136 | L18: =IF($F19="","",DATE(YEAR(EDATE($F19,IF(DAY($F19)>=17,1,0))),MONTH(EDATE($F19,IF(DAY($F19)>=17,1,0))),1)) -> 46113 | M18: =IF($K18="","",IF(OR($D18="",$D18<$F19),"PENDIENTE",IF($D18<=$K18,"A TIEMPO","FUERA DE TIEMPO"))) -> PENDIENTE
A19: SEBASTIAN BUITRAGO | B19: LIDER DE MANTENIMIENTO | C19: CONTRATADO | D19: 46119 | E19: SIMON | F19: 46113 | G19: MEDELLIN | H19: MIGUEL YEPES | K19: {=IF(OR($B19="",$F20=""),"",WORKDAY.INTL(IF(ISNUMBER($F20),$F20,FECHA.VALOR($F20)),IF(UPPER(TRIM($B19))="AUXILIAR DE COCINA",10,15),1,FESTIVOS!$A$3:$A$1000))} -> #NAME? | M19: =IF($K19="","",IF(OR($F19="",$F19<#REF!),"PENDIENTE",IF($F19<=$K19,"A TIEMPO","FUERA DE TIEMPO"))) -> #NAME?
A20: JHONIER MENESES | B20: TECNICO DE MANTENIMIENTO | F20: 07//04/2026 | G20: MEDELLIN | H20: SEBASTIAN BUITRAGO | K20: {=IF(OR($B20="",$F21=""),"",WORKDAY.INTL(IF(ISNUMBER($F21),$F21,FECHA.VALOR($F21)),IF(UPPER(TRIM($B20))="AUXILIAR DE COCINA",10,15),1,FESTIVOS!$A$3:$A$1000))} -> 46146 | M20: =IF($K20="","",IF(OR($F20="",$F20<#REF!),"PENDIENTE",IF($F20<=$K20,"A TIEMPO","FUERA DE TIEMPO"))) -> #REF!
A21: JUAN ALEJANDRO RESTREPO RESTREPO | B21: AUXILIAR DE PRODUCCION | C21: CONTRATADO | D21: 46128 | E21: SEBASTIAN | F21: 46122 | G21: MEDELLIN | H21: OLGA EMILSE CASTAÑO | M21: =IF($K21="","",IF(OR($F14="",$F14<#REF!),"PENDIENTE",IF($F14<=$K21,"A TIEMPO","FUERA DE TIEMPO")))
A22: SANTIAGO ZAPATA PINEDA | B22: AUXILIAR DE PRODUCCION | C22: CONTRATADO | D22: 46172 | F22: 46126 | G22: MEDELLIN | H22: OLGA DIAZ | M22: =IF($K22="","",IF(OR($F15="",$F15<#REF!),"PENDIENTE",IF($F15<=$K22,"A TIEMPO","FUERA DE TIEMPO")))
A23: ARBELAEZ ZABALA JUAN ESTIVENS | B23: CONDUCTOR | C23: CONTRATADO | D23: 46149 | E23: SEBASTIAN | F23: 46129 | G23: MEDELLIN | H23: JONATHAN ANDRES RESTREPO | M23: =IF($K23="","",IF(OR($F23="",$F23<#REF!),"PENDIENTE",IF($F23<=$K23,"A TIEMPO","FUERA DE TIEMPO")))
A24: JHON JAIRO | B24: AUXILIAR DE LOGISTICA | C24: CONTRATADO | D24: 46177 | E24: DANIELA | F24: 46154 | G24: MEDELLIN | H24: ALEJANDRO RAMIREZ ARANGO | M24: =IF($K24="","",IF(OR($F24="",$F24<#REF!),"PENDIENTE",IF($F24<=$K24,"A TIEMPO","FUERA DE TIEMPO")))
A25: JOSE MANUEL MONCADA | B25: AUXILIAR DE PRODUCCION | C25: CONTRATADO | E25: SEBASTIAN | G25: MEDELLIN | M25: =IF($K25="","",IF(OR($F25="",$F25<#REF!),"PENDIENTE",IF($F25<=$K25,"A TIEMPO","FUERA DE TIEMPO")))
A26: ALEJANDRO GIRALDO LOPEZ | B26: AUXILIAR DE PRODUCCION | C26: CONTRATADO | D26: 46153 | E26: SEBASTIAN | G26: MEDELLIN | M26: =IF($K26="","",IF(OR($F26="",$F26<#REF!),"PENDIENTE",IF($F26<=$K26,"A TIEMPO","FUERA DE TIEMPO")))
A27: RICARDO ROMAÑA COSSIO | B27: TECNICO DE MANTENIMIENTO | C27: CONTRATADO | D27: 46161 | G27: MEDELLIN | M27: =IF($K27="","",IF(OR($F27="",$F27<#REF!),"PENDIENTE",IF($F27<=$K27,"A TIEMPO","FUERA DE TIEMPO")))
A28: ROSYMAR OBISPO SEVILLA | B28: LIDER DE COCINA | C28: CONTRATADO | D28: 46224 | E28: JUAN RICARDO | G28: MEDELLIN | M28: =IF($K28="","",IF(OR($F28="",$F28<#REF!),"PENDIENTE",IF($F28<=$K28,"A TIEMPO","FUERA DE TIEMPO")))
B29: ADMINISTRADOR PUNTO DE VENTA | D29: 46184 | E29: JUAN RICARDO | G29: MEDELLIN | M29: =IF($K29="","",IF(OR($F29="",$F29<#REF!),"PENDIENTE",IF($F29<=$K29,"A TIEMPO","FUERA DE TIEMPO")))
A30: Zharick Yulisa Giraldo Fandiño | B30: AUXILIAR DE SISTEMAS | C30: CONTRATADO | M30: =IF($K30="","",IF(OR($F30="",$F30<#REF!),"PENDIENTE",IF($F30<=$K30,"A TIEMPO","FUERA DE TIEMPO")))
B31: ANALISTA DE CALIDAD | C31: CONTRATADO | D31: 46190 | M31: =IF($K31="","",IF(OR($F31="",$F31<#REF!),"PENDIENTE",IF($F31<=$K31,"A TIEMPO","FUERA DE TIEMPO")))
A32: LIDER JOSE BARROS SOCARRAS | B32: LIDER JUNIOR DE AUDITORIA Y CONTOL | C32: CONTRATADO | D32: 46182 | M32: =IF($K32="","",IF(OR($F32="",$F32<#REF!),"PENDIENTE",IF($F32<=$K32,"A TIEMPO","FUERA DE TIEMPO")))
A33: CUERO RODRIGUEZ EVELYN YESENIA | B33: LIDER DE COCINA | C33: CONTRATADO | D33: 46183 | M33: =IF($K33="","",IF(OR($F33="",$F33<#REF!),"PENDIENTE",IF($F33<=$K33,"A TIEMPO","FUERA DE TIEMPO")))
A34: ESTEFANIA CASTAÑEDA VALENCIA | B34: AUXILIAR CONTABLE | C34: CONTRATADO | D34: 46184 | M34: =IF($K34="","",IF(OR($F34="",$F34<#REF!),"PENDIENTE",IF($F34<=$K34,"A TIEMPO","FUERA DE TIEMPO")))
B35: AUXILIAR CONTABLE | M35: =IF($K35="","",IF(OR($F35="",$F35<#REF!),"PENDIENTE",IF($F35<=$K35,"A TIEMPO","FUERA DE TIEMPO")))
B36: AUXILIAR CONTABLE | M36: =IF($K36="","",IF(OR($F36="",$F36<#REF!),"PENDIENTE",IF($F36<=$K36,"A TIEMPO","FUERA DE TIEMPO")))
B37: TECNICO DE MANTENIMIENTO | M37: =IF($K37="","",IF(OR($F37="",$F37<#REF!),"PENDIENTE",IF($F37<=$K37,"A TIEMPO","FUERA DE TIEMPO")))
A38: PLAZA NUEVA- MONITOREO | B38: AUXILIAR ADMINISTRATIVO | E38: EFRAIN | F38: 46220 | G38: MEDELLIN | M38: =IF($K38="","",IF(OR($F38="",$F38<#REF!),"PENDIENTE",IF($F38<=$K38,"A TIEMPO","FUERA DE TIEMPO")))
B39: TECNICO DE MANTENIMIENTO | E39: SEBASTIAN | F39: 46217 | G39: MEDELLIN | M39: =IF($K39="","",IF(OR($F39="",$F39<#REF!),"PENDIENTE",IF($F39<=$K39,"A TIEMPO","FUERA DE TIEMPO")))
B40: APRENDIZ MANTENIMIENTO | E40: SEBASTIAN | F40: 46217 | G40: MEDELLIN | M40: =IF($K40="","",IF(OR($F40="",$F40<#REF!),"PENDIENTE",IF($F40<=$K40,"A TIEMPO","FUERA DE TIEMPO")))
M41: =IF($K41="","",IF(OR($F41="",$F41<#REF!),"PENDIENTE",IF($F41<=$K41,"A TIEMPO","FUERA DE TIEMPO")))
M42: =IF($K42="","",IF(OR($F42="",$F42<#REF!),"PENDIENTE",IF($F42<=$K42,"A TIEMPO","FUERA DE TIEMPO")))
M43: =IF($K43="","",IF(OR($F43="",$F43<#REF!),"PENDIENTE",IF($F43<=$K43,"A TIEMPO","FUERA DE TIEMPO")))
M44: =IF($K44="","",IF(OR($F44="",$F44<#REF!),"PENDIENTE",IF($F44<=$K44,"A TIEMPO","FUERA DE TIEMPO")))
M45: =IF($K45="","",IF(OR($F45="",$F45<#REF!),"PENDIENTE",IF($F45<=$K45,"A TIEMPO","FUERA DE TIEMPO")))
M46: =IF($K46="","",IF(OR($F46="",$F46<#REF!),"PENDIENTE",IF($F46<=$K46,"A TIEMPO","FUERA DE TIEMPO")))
M47: =IF($K47="","",IF(OR($F47="",$F47<#REF!),"PENDIENTE",IF($F47<=$K47,"A TIEMPO","FUERA DE TIEMPO")))
M48: =IF($K48="","",IF(OR($F48="",$F48<#REF!),"PENDIENTE",IF($F48<=$K48,"A TIEMPO","FUERA DE TIEMPO")))
M49: =IF($K49="","",IF(OR($F49="",$F49<#REF!),"PENDIENTE",IF($F49<=$K49,"A TIEMPO","FUERA DE TIEMPO")))
M50: =IF($K50="","",IF(OR($F50="",$F50<#REF!),"PENDIENTE",IF($F50<=$K50,"A TIEMPO","FUERA DE TIEMPO")))
M51: =IF($K51="","",IF(OR($F51="",$F51<#REF!),"PENDIENTE",IF($F51<=$K51,"A TIEMPO","FUERA DE TIEMPO")))
M52: =IF($K52="","",IF(OR($F52="",$F52<#REF!),"PENDIENTE",IF($F52<=$K52,"A TIEMPO","FUERA DE TIEMPO")))

Sheet TEMPORADA
A1: NOMBRE NUEVO INGRESO | B1: CARGO | C1: ESTADO | D1: FECHA DE INGRESO | E1: SOLICITA | F1: FECHA DE SOLICITUD | G1: PUNTO | H1: PERSONA A QUIEN REEMPLAZARA | I1: POSICION CLAVES | J1: MOTIVO | K1: FECHA MAXIMA | L1: MES_INDICADOR_K | M1: ESTADO DEL INGRESO
A2: SANTIAGO SARMIENTO LOPEZ | B2: AUXILIAR DE COCINA | C2: CONTRATADO | D2: 45952 | E2: ANGIE | F2: 45931 | G2: SANTA FE | H2: PERSONAL DE TEMPORADA | K2: {=IF(OR($B2="",$F2=""),"",WORKDAY.INTL(IF(ISNUMBER($F2),$F2,FECHA.VALOR($F2)),IF(UPPER(TRIM($B2))="AUXILIAR DE COCINA",10,15),1,FESTIVOS!$A$3:$A$1000))} -> 45945 | L2: =IF($F2="","",DATE(YEAR(EDATE($F2,IF(DAY($F2)>=17,1,0))),MONTH(EDATE($F2,IF(DAY($F2)>=17,1,0))),1)) -> 45931 | M2: =IF($K2="","",IF(OR($D2="",$D2<$F2),"PENDIENTE",IF($D2<=$K2,"A TIEMPO","FUERA DE TIEMPO"))) -> FUERA DE TIEMPO | O2: Cuenta de FECHA MAXIMA | P2: ESTADO DEL INGRESO
A3: YAN CARLOS VARGAS CARRILLO | B3: AUXILIAR DE COCINA | C3: CONTRATADO | D3: 45952 | E3: ANGIE | F3: 45931 | G3: ARKADIA | H3: PERSONAL DE TEMPORADA | K3: {=IF(OR($B3="",$F3=""),"",WORKDAY.INTL(IF(ISNUMBER($F3),$F3,FECHA.VALOR($F3)),IF(UPPER(TRIM($B3))="AUXILIAR DE COCINA",10,15),1,FESTIVOS!$A$3:$A$1000))} -> 45945 | L3: =IF($F3="","",DATE(YEAR(EDATE($F3,IF(DAY($F3)>=17,1,0))),MONTH(EDATE($F3,IF(DAY($F3)>=17,1,0))),1)) -> 45931 | M3: =IF($K3="","",IF(OR($D3="",$D3<$F3),"PENDIENTE",IF($D3<=$K3,"A TIEMPO","FUERA DE TIEMPO"))) -> FUERA DE TIEMPO | O3: MES_INDICADOR_K | P3: PENDIENTE | Q3: FUERA DE TIEMPO | R3: A TIEMPO | S3: Total general
A4: ANDRY YURINA ARBOLEDA | B4: AUXILIAR DE COCINA | C4: CONTRATADO | D4: 45975 | E4: ANGIE | F4: 45931 | G4: TESORO | H4: PERSONAL DE TEMPORADA | K4: {=IF(OR($B4="",$F4=""),"",WORKDAY.INTL(IF(ISNUMBER($F4),$F4,FECHA.VALOR($F4)),IF(UPPER(TRIM($B4))="AUXILIAR DE COCINA",10,15),1,FESTIVOS!$A$3:$A$1000))} -> 45945 | L4: =IF($F4="","",DATE(YEAR(EDATE($F4,IF(DAY($F4)>=17,1,0))),MONTH(EDATE($F4,IF(DAY($F4)>=17,1,0))),1)) -> 45931 | M4: =IF($K4="","",IF(OR($D4="",$D4<$F4),"PENDIENTE",IF($D4<=$K4,"A TIEMPO","FUERA DE TIEMPO"))) -> FUERA DE TIEMPO | O4: 45901 | P4: 2 | Q4: 2 | S4: 4
A5: MARISOL ECHEVERRY GARCIA | B5: AUXILIAR DE COCINA | C5: CONTRATADO | D5: 45975 | E5: ANGIE | F5: 45931 | G5: VIVA ENVIGADO | H5: PERSONAL DE TEMPORADA | K5: {=IF(OR($B5="",$F5=""),"",WORKDAY.INTL(IF(ISNUMBER($F5),$F5,FECHA.VALOR($F5)),IF(UPPER(TRIM($B5))="AUXILIAR DE COCINA",10,15),1,FESTIVOS!$A$3:$A$1000))} -> 45945 | L5: =IF($F5="","",DATE(YEAR(EDATE($F5,IF(DAY($F5)>=17,1,0))),MONTH(EDATE($F5,IF(DAY($F5)>=17,1,0))),1)) -> 45931 | M5: =IF($K5="","",IF(OR($D5="",$D5<$F5),"PENDIENTE",IF($D5<=$K5,"A TIEMPO","FUERA DE TIEMPO"))) -> FUERA DE TIEMPO | O5: 45931 | P5: 6 | Q5: 11 | R5: 2 | S5: 19
A6: ANGELA MARIA PULGARÍN | B6: AUXILIAR DE COCINA | C6: CONTRATADO | D6: 45981 | E6: ANGIE | F6: 45931 | G6: MOLINOS | H6: PERSONAL DE TEMPORADA | K6: {=IF(OR($B6="",$F6=""),"",WORKDAY.INTL(IF(ISNUMBER($F6),$F6,FECHA.VALOR($F6)),IF(UPPER(TRIM($B6))="AUXILIAR DE COCINA",10,15),1,FESTIVOS!$A$3:$A$1000))} -> 45945 | L6: =IF($F6="","",DATE(YEAR(EDATE($F6,IF(DAY($F6)>=17,1,0))),MONTH(EDATE($F6,IF(DAY($F6)>=17,1,0))),1)) -> 45931 | M6: =IF($K6="","",IF(OR($D6="",$D6<$F6),"PENDIENTE",IF($D6<=$K6,"A TIEMPO","FUERA DE TIEMPO"))) -> FUERA DE TIEMPO | O6: 45962 | P6: 1 | S6: 1
A7: ANGELICA PATRICIA VEGA | B7: AUXILIAR DE COCINA | C7: CONTRATADO | D7: 45981 | E7: ANGIE | F7: 45931 | G7: GRAN PLAZA | H7: PERSONAL DE TEMPORADA | K7: {=IF(OR($B7="",$F7=""),"",WORKDAY.INTL(IF(ISNUMBER($F7),$F7,FECHA.VALOR($F7)),IF(UPPER(TRIM($B7))="AUXILIAR DE COCINA",10,15),1,FESTIVOS!$A$3:$A$1000))} -> 45945 | L7: =IF($F7="","",DATE(YEAR(EDATE($F7,IF(DAY($F7)>=17,1,0))),MONTH(EDATE($F7,IF(DAY($F7)>=17,1,0))),1)) -> 45931 | M7: =IF($K7="","",IF(OR($D7="",$D7<$F7),"PENDIENTE",IF($D7<=$K7,"A TIEMPO","FUERA DE TIEMPO"))) -> FUERA DE TIEMPO | O7: Total general | P7: 9 | Q7: 13 | R7: 2 | S7: 24
A8: MARISOL VALOY | B8: AUXILIAR DE COCINA | C8: CONTRATADO | D8: 45981 | E8: ANGIE | F8: 45931 | G8: FABRICATO | H8: PERSONAL DE TEMPORADA | K8: {=IF(OR($B8="",$F8=""),"",WORKDAY.INTL(IF(ISNUMBER($F8),$F8,FECHA.VALOR($F8)),IF(UPPER(TRIM($B8))="AUXILIAR DE COCINA",10,15),1,FESTIVOS!$A$3:$A$1000))} -> 45945 | L8: =IF($F8="","",DATE(YEAR(EDATE($F8,IF(DAY($F8)>=17,1,0))),MONTH(EDATE($F8,IF(DAY($F8)>=17,1,0))),1)) -> 45931 | M8: =IF($K8="","",IF(OR($D8="",$D8<$F8),"PENDIENTE",IF($D8<=$K8,"A TIEMPO","FUERA DE TIEMPO"))) -> FUERA DE TIEMPO
A9: DINA LUZ PEÑA | B9: AUXILIAR DE COCINA | C9: CONTRATADO | D9: 45972 | E9: ANGIE | F9: 45931 | G9: PUERTA DEL NORTE | H9: PERSONAL DE TEMPORADA | K9: {=IF(OR($B9="",$F9=""),"",WORKDAY.INTL(IF(ISNUMBER($F9),$F9,FECHA.VALOR($F9)),IF(UPPER(TRIM($B9))="AUXILIAR DE COCINA",10,15),1,FESTIVOS!$A$3:$A$1000))} -> 45945 | L9: =IF($F9="","",DATE(YEAR(EDATE($F9,IF(DAY($F9)>=17,1,0))),MONTH(EDATE($F9,IF(DAY($F9)>=17,1,0))),1)) -> 45931 | M9: =IF($K9="","",IF(OR($D9="",$D9<$F9),"PENDIENTE",IF($D9<=$K9,"A TIEMPO","FUERA DE TIEMPO"))) -> FUERA DE TIEMPO
A10: EMILCE ISABEL HERNANDEZ | B10: AUXILIAR DE COCINA | C10: CONTRATADO | D10: 45987 | E10: ANGIE | F10: 45931 | G10: MAYORCA 2 | H10: PERSONAL DE TEMPORADA | K10: {=IF(OR($B10="",$F10=""),"",WORKDAY.INTL(IF(ISNUMBER($F10),$F10,FECHA.VALOR($F10)),IF(UPPER(TRIM($B10))="AUXILIAR DE COCINA",10,15),1,FESTIVOS!$A$3:$A$1000))} -> 45945 | L10: =IF($F10="","",DATE(YEAR(EDATE($F10,IF(DAY($F10)>=17,1,0))),MONTH(EDATE($F10,IF(DAY($F10)>=17,1,0))),1)) -> 45931 | M10: =IF($K10="","",IF(OR($D10="",$D10<$F10),"PENDIENTE",IF($D10<=$K10,"A TIEMPO","FUERA DE TIEMPO"))) -> FUERA DE TIEMPO
B11: AUXILIAR DE SERVICIO | E11: ANGIE | F11: 45932 | G11: FABRICATO | H11: PERSONAL DE TEMPORADA | K11: {=IF(OR($B11="",$F11=""),"",WORKDAY.INTL(IF(ISNUMBER($F11),$F11,FECHA.VALOR($F11)),IF(UPPER(TRIM($B11))="AUXILIAR DE COCINA",10,15),1,FESTIVOS!$A$3:$A$1000))} -> 45953 | L11: =IF($F11="","",DATE(YEAR(EDATE($F11,IF(DAY($F11)>=17,1,0))),MONTH(EDATE($F11,IF(DAY($F11)>=17,1,0))),1)) -> 45931 | M11: =IF($K11="","",IF(OR($D11="",$D11<$F11),"PENDIENTE",IF($D11<=$K11,"A TIEMPO","FUERA DE TIEMPO"))) -> PENDIENTE
B12: AUXILIAR DE SERVICIO | E12: ANGIE | F12: 45932 | G12: ARKADIA | H12: PERSONAL DE TEMPORADA | K12: {=IF(OR($B12="",$F12=""),"",WORKDAY.INTL(IF(ISNUMBER($F12),$F12,FECHA.VALOR($F12)),IF(UPPER(TRIM($B12))="AUXILIAR DE COCINA",10,15),1,FESTIVOS!$A$3:$A$1000))} -> 45953 | L12: =IF($F12="","",DATE(YEAR(EDATE($F12,IF(DAY($F12)>=17,1,0))),MONTH(EDATE($F12,IF(DAY($F12)>=17,1,0))),1)) -> 45931 | M12: =IF($K12="","",IF(OR($D12="",$D12<$F12),"PENDIENTE",IF($D12<=$K12,"A TIEMPO","FUERA DE TIEMPO"))) -> PENDIENTE
B13: AUXILIAR DE SERVICIO | E13: ANGIE | F13: 45932 | G13: SANTA FE | H13: PERSONAL DE TEMPORADA | K13: {=IF(OR($B13="",$F13=""),"",WORKDAY.INTL(IF(ISNUMBER($F13),$F13,FECHA.VALOR($F13)),IF(UPPER(TRIM($B13))="AUXILIAR DE COCINA",10,15),1,FESTIVOS!$A$3:$A$1000))} -> 45953 | L13: =IF($F13="","",DATE(YEAR(EDATE($F13,IF(DAY($F13)>=17,1,0))),MONTH(EDATE($F13,IF(DAY($F13)>=17,1,0))),1)) -> 45931 | M13: =IF($K13="","",IF(OR($D13="",$D13<$F13),"PENDIENTE",IF($D13<=$K13,"A TIEMPO","FUERA DE TIEMPO"))) -> PENDIENTE
